keyword,us_volume,competition,comp_index
jewelry james avery,1000000,MEDIUM,57
james avery ring,49500,HIGH,100
handmade jewelry,40500,HIGH,91
handcrafted jewellery,27100,LOW,18
handcrafted jewelry,27100,LOW,18
artisan jewellery,18100,HIGH,100
artisan jewelry,18100,HIGH,100
handmade bracelets,6600,HIGH,100
hand made bracelets,6600,HIGH,100
handmade hand bracelet,6600,HIGH,100
etsy handmade jewelry,5400,HIGH,100
handmade etsy jewelry,5400,HIGH,100
jamesavery earrings,5400,HIGH,100
sterling silver handmade jewelry,3600,MEDIUM,33
handmade sterling jewelry,3600,MEDIUM,33
handmade engagement rings,2900,HIGH,100
handmade wedding rings,2900,HIGH,100
handmade beaded bracelets,2900,HIGH,100
handmade wedding bands,2900,HIGH,100
handmade fine jewelry,2900,MEDIUM,54
handcrafted wedding rings,2900,HIGH,100
handcrafted fine jewelry,2900,MEDIUM,54
handcrafted wedding bands,2900,HIGH,100
handmade bracelets beaded,2900,HIGH,100
beaded bracelet handmade,2900,HIGH,100
beaded handmade bracelets,2900,HIGH,100
bracelets beaded handmade,2900,HIGH,100
handcrafted beaded bracelets,2900,HIGH,100
handmade earrings,1900,HIGH,100
handmade stamped jewelry,1900,HIGH,100
mimosahandcrafted,1900,LOW,19
handmade rings,1600,HIGH,100
james avery artisan,1600,HIGH,95
handmade jewelry near me,1300,HIGH,100
unique handmade jewelry,1300,HIGH,100
handcrafted engagement rings,1300,HIGH,100
handmade cuban link chain,1300,HIGH,100
unique jewelry handmade,1300,HIGH,100
unique handcrafted jewelry,1300,HIGH,100
handmade jewelry unique,1300,HIGH,100
handmade silver jewllery,1300,HIGH,100
silver jewellery hand made,1300,HIGH,100
handmade string bracelets,1000,HIGH,93
friendship bracelet handmade,1000,HIGH,93
jewelry artisans,1000,MEDIUM,59
handmade necklace,880,HIGH,100
homemade bracelets,880,HIGH,90
handmade beaded jewelry,880,HIGH,93
handmade jewelry designers,880,HIGH,73
beaded jewelry handmade,880,HIGH,93
handcrafted designer jewellery,880,HIGH,73
handcrafted fashion jewelry,880,LOW,0
handmade engraved jewelry,880,HIGH,89
jewelry designer handmade,880,HIGH,73
la artisan jewelry,880,LOW,23
homemade jewelry,720,HIGH,87
handcrafted earrings,720,HIGH,98
handmade native american jewelry,720,HIGH,98
handmade copper jewelry,720,MEDIUM,63
copper jewelry handmade,720,MEDIUM,63
handcrafted copper jewelry,720,MEDIUM,63
handcrafted native american jewelry,720,HIGH,98
handmade american indian jewelry,720,HIGH,98
homemade earrings,590,HIGH,97
handmade turquoise jewelry,590,HIGH,100
etsy earrings handmade,590,HIGH,99
hand crafted bracelets,590,LOW,16
handmade beaded necklace,590,HIGH,100
artisan jewellery near me,590,HIGH,100
handmade copper bracelet,590,HIGH,70
artisanal jewelry near me,590,HIGH,100
handcrafted beaded necklace,590,HIGH,100
handcrafted copper bracelets,590,HIGH,70
handcrafted turquoise jewelry,590,HIGH,100
home made ear rings,590,HIGH,97
homemade bead necklace,590,HIGH,100
turquoise handcrafted jewelry,590,HIGH,100
turquoise jewelry handmade,590,HIGH,100
artisan jewelry near me,590,HIGH,100
handcrafted rings,480,HIGH,99
handmade beaded earrings,480,HIGH,100
handmade mens jewelry,480,HIGH,100
handcrafted mens jewelry,480,HIGH,100
beads earrings handmade,480,HIGH,100
men's handcrafted jewelry,480,HIGH,100
beaded handmade earrings,480,HIGH,100
handcrafted beaded earrings,480,HIGH,100
handcrafted mens jewellery,480,HIGH,100
handmade earrings beads,480,HIGH,100
mens handcrafted jewelry,480,HIGH,100
james avery artisan jewelry near me,480,LOW,10
handcrafted rings jewelry,480,HIGH,99
james avery jewelry owner,480,LOW,0
james avery jewelry stores,480,HIGH,94
handmade gemstone jewelry,390,HIGH,100
handmade silver rings,390,HIGH,100
handmade gold jewelry,390,HIGH,100
handcrafted silver rings,390,HIGH,100
hand made gold jewelry,390,HIGH,100
handmade western jewelry,390,HIGH,100
handcrafted gold jewelry,390,HIGH,100
handmade gemstone earrings,390,HIGH,76
handmade gem jewelry,390,HIGH,100
handmade hand chain,390,LOW,0
handmade ring silver,390,HIGH,100
handmade shark tooth necklace,390,HIGH,100
handmade silver ring,390,HIGH,100
hand made jewelry near me,320,HIGH,100
handcrafted jewelry near me,320,HIGH,100
handmade sterling silver rings,320,HIGH,100
handmade mens wedding bands,320,HIGH,100
handcrafted mens wedding bands,320,HIGH,100
handmade boho jewelry,320,HIGH,100
handmade mens wedding rings,320,HIGH,100
fine artisan jewelry,320,HIGH,99
handmade glass bead bracelets,320,HIGH,88
handmade jewelry business,320,LOW,6
handmade jewelry stores,320,LOW,21
handcrafted sterling silver rings,320,HIGH,100
handmade jewelry shop,320,LOW,21
handmade shell necklace,320,HIGH,100
boho jewelry handmade,320,HIGH,100
handcrafted mens wedding rings,320,HIGH,100
handmade glass bead earrings,320,LOW,33
handmade seashell necklace,320,HIGH,100
handmade sterling rings,320,HIGH,100
handmade wedding rings for men,320,HIGH,100
homemade jewellery business,320,LOW,6
shop handmade jewelry,320,LOW,21
artisan fine jewelry,320,HIGH,99
genuine indian handcrafted sterling silver,320,MEDIUM,43
artisan glass beads,320,HIGH,99
handmade silver earrings,260,HIGH,100
artisan earrings,260,HIGH,100
top handmade jewelry websites,260,HIGH,100
handmade mens leather bracelet,260,HIGH,100
handmade mens rings,260,HIGH,100
handmade sterling silver earrings,260,HIGH,92
handmade beads,260,HIGH,100
handmade mens bracelets,260,HIGH,100
handmade cross necklace,260,HIGH,100
handcrafted mens rings,260,HIGH,100
homemade necklace,260,HIGH,93
handmade hawaiian jewelry,260,HIGH,99
handmade miami cuban link chain,260,MEDIUM,62
handcrafted gemstone jewellery,260,HIGH,100
handmade diamond jewelry,260,MEDIUM,56
mens handcrafted rings,260,HIGH,100
handcrafted sterling silver earrings,260,HIGH,92
handcrafted necklace,260,HIGH,100
handmade leather bracelets for guys,260,HIGH,100
handmade wire jewelry,260,HIGH,98
handcrafted silver earrings,260,HIGH,100
handmade bracelets for guys,260,HIGH,100
handmade charm bracelets,260,HIGH,100
handmade spoon rings,260,HIGH,100
handmade earrings silver,260,HIGH,100
handmade navajo pearls,260,HIGH,100
handmade cross pendant,260,HIGH,100
handmade amethyst earrings,260,MEDIUM,34
beads handmade,260,HIGH,100
earrings handmade silver,260,HIGH,100
handcraft wire jewelry,260,HIGH,98
handcrafted cross necklace,260,HIGH,100
handcrafted diamond jewelry,260,MEDIUM,56
handcrafted men's bracelets,260,HIGH,100
handcrafted wire wrapped jewelry,260,HIGH,98
handmade jewelry gemstones,260,HIGH,100
handmade leather bracelet mens,260,HIGH,100
handmade mens leather bracelets,260,HIGH,100
handmade sterling earrings,260,HIGH,92
handmade turquoise necklace,260,HIGH,100
handmade wire wrap jewelry,260,HIGH,98
mens leather bracelet handmade,260,HIGH,100
sunwest handmade,260,LOW,3
artisan necklace,260,HIGH,99
artisan crafted jewelry,260,HIGH,94
handmade cross necklaces,260,HIGH,100
handmade wire wrapped jewelry,260,HIGH,98
handmade jewelry websites,210,HIGH,100
handmade crystal jewelry,210,HIGH,93
handmade african jewelry,210,HIGH,100
handcrafted jewelry websites,210,HIGH,100
handmade indian jewelry,210,HIGH,100
handmade leather bracelets,210,HIGH,100
handmade silver chain,210,HIGH,97
handmade silver hoop earrings,210,HIGH,90
handmade artisan jewelry,210,HIGH,100
women's handmade jewelry,210,HIGH,99
handmade turquoise earrings,210,HIGH,100
women's handcrafted jewelry,210,HIGH,99
handmade silver cuff bracelet,210,HIGH,75
handmade dangle earrings,210,HIGH,100
women handmade jewelry,210,HIGH,99
handmade gothic jewelry,210,HIGH,99
handmade polymer clay earrings,210,HIGH,100
handmade minimalist jewelry,210,LOW,2
artisanal rings,210,HIGH,100
handmade rings for women,210,HIGH,100
etsy handmade bracelets,210,MEDIUM,47
handmade waist beads,210,LOW,24
handmade jewelry sites,210,HIGH,100
handmade amethyst necklace,210,MEDIUM,56
handcrafted african jewelry,210,HIGH,100
handcrafted beaded jewelry,210,HIGH,74
handcrafted crystal jewelry,210,HIGH,93
handcrafted leather bracelet,210,HIGH,100
handmade fashion jewellery,210,MEDIUM,55
handmade glass ring,210,LOW,33
handmade jade necklace,210,LOW,32
handmade jewelry women,210,HIGH,99
handmade polymer clay jewellery,210,HIGH,68
handmade seashell jewelry,210,HIGH,100
handmade shell jewellery,210,HIGH,100
handmade statement jewellery,210,MEDIUM,38
handmade sterling silver chain,210,HIGH,100
handmade women's rings,210,HIGH,100
leather bracelet handmade,210,HIGH,100
women hand made jewellery,210,HIGH,99
women's hand made jewellery,210,HIGH,99
artisan ring,210,HIGH,100
handmade jewelry for women,210,HIGH,99
unique sterling silver bracelets,210,HIGH,100
ring artisan,210,HIGH,100
artisan pendants,210,MEDIUM,51
handmade dangling earrings,210,HIGH,100
handmade silver bracelets,170,HIGH,100
unique handmade earrings,170,HIGH,100
handmade gold rings,170,HIGH,100
handcrafted artisan jewelry,170,MEDIUM,62
handmade pearl earrings,170,HIGH,100
handmade clay earrings,170,HIGH,98
handmade sea glass jewelry,170,HIGH,100
handmade leather earrings,170,HIGH,100
custom handmade jewelry,170,HIGH,82
handmade turquoise rings,170,HIGH,98
handmade mexican bracelets,170,HIGH,100
handcrafted gold rings,170,HIGH,100
handcrafted silver bracelets,170,HIGH,100
handmade evil eye bracelet,170,HIGH,87
handmade personalized jewelry,170,HIGH,100
handmade personalised jewellery,170,HIGH,100
handmade wire earrings,170,HIGH,100
handmade wood earrings,170,HIGH,99
affordable handmade jewelry,170,LOW,19
custom handcrafted jewelry,170,HIGH,82
gold ring handmade,170,HIGH,100
handcrafted clay earrings,170,HIGH,98
handcrafted custom jewelry,170,HIGH,82
handcrafted luxury jewelry,170,HIGH,100
handcrafted pearl earrings,170,HIGH,100
handcrafted wooden earrings,170,HIGH,99
handmade bracelet silver,170,HIGH,100
handmade earrings with pearls,170,HIGH,100
handmade evil eye bracelets,170,HIGH,87
handmade israeli jewelry,170,HIGH,100
handmade puerto rican jewelry,170,HIGH,75
handmade unique earrings,170,HIGH,100
handmade wire bracelet,170,HIGH,98
leather handmade earrings,170,HIGH,100
mimosa handcrafted jewelry,170,HIGH,83
pearl earrings handmade,170,HIGH,100
pearl handmade earrings,170,HIGH,100
wire earrings handmade,170,HIGH,100
wooden handmade earrings,170,HIGH,99
handmade bracelets silver,170,HIGH,100
handmade ring,140,HIGH,99
handmade gemstone ring,140,HIGH,99
handmade gold earrings,140,HIGH,100
handmade diamond ring,140,HIGH,100
handmade greek jewelry,140,HIGH,88
handmade earrings near me,140,HIGH,98
handmade rings with stones,140,HIGH,99
handmade bohemian jewelry,140,HIGH,78
handmade hoop earrings,140,HIGH,100
tibetan knot bracelet,140,HIGH,100
handmade wooden jewelry,140,HIGH,99
handmade glass bead necklaces,140,HIGH,100
hand woven bracelets,140,HIGH,100
handmade glass jewelry,140,HIGH,97
handmade chain necklace,140,HIGH,94
handmade wooden rings,140,HIGH,100
handcrafted gold earrings,140,HIGH,100
handmade glass pendants,140,HIGH,100
homemade jewelry for sale,140,LOW,16
handmade leather jewelry,140,HIGH,68
handmade copper earrings,140,HIGH,100
luxury handmade jewelry,140,HIGH,98
handmade ceramic beads,140,HIGH,99
handmade body jewelry,140,HIGH,76
aesthetic handmade jewelry,140,LOW,30
etsy handmade rings,140,HIGH,100
handcrafted diamond ring,140,HIGH,100
handcrafted gemstone rings,140,HIGH,99
handcrafted wood jewelry,140,HIGH,99
handcrafted wood rings,140,HIGH,100
handmade brass ring,140,MEDIUM,51
handmade earrings gold,140,HIGH,100
handmade gem rings,140,HIGH,99
handmade jade jewelry,140,MEDIUM,47
handmade necklace chain,140,HIGH,94
handmade painted earrings,140,HIGH,100
wooden rings handmade,140,HIGH,100
unique handmade jewelry ideas,140,HIGH,99
artisan bracelet,140,HIGH,100
handmade gemstone rings,140,HIGH,99
sterling silver artisan jewelry,140,HIGH,88
artisan sterling jewelry,140,HIGH,88
beatrixbell handcrafted jewelry,140,MEDIUM,39
etsy artisan jewelry,140,HIGH,70
handmade silver necklace,110,HIGH,99
artisan engagement rings,110,HIGH,100
irish made jewellery,110,HIGH,100
unique handmade rings,110,HIGH,99
local handmade jewellery,110,HIGH,100
handmade sterling silver necklace,110,HIGH,100
handmade wooden wedding rings,110,HIGH,100
homemade engagement ring,110,HIGH,87
handmade jewelry for sale,110,HIGH,100
handmade pendant,110,HIGH,98
made jewellery,110,HIGH,80
handmade mexican jewelry,110,HIGH,100
hand made jewelry for sale,110,HIGH,100
handmade mens necklace,110,HIGH,100
handmade christmas earrings,110,MEDIUM,54
handmade religious jewelry,110,LOW,32
handmade stone jewelry,110,HIGH,100
handmade semi precious stone jewellery,110,LOW,18
handcrafted silver necklace,110,HIGH,99
handcrafted stone jewelry,110,HIGH,100
handmade chain,110,HIGH,100
handmade gold locket,110,MEDIUM,41
local handcrafted jewelry,110,HIGH,100
local hand made jewelry,110,HIGH,100
fabric bracelets handmade,110,HIGH,71
african handmade bracelets,110,HIGH,100
chain handmade,110,HIGH,100
christmas earrings handmade,110,MEDIUM,54
cool handmade rings,110,HIGH,99
earrings for women handmade,110,HIGH,100
etsy handcrafted jewelry,110,LOW,10
handcrafted jewelry for sale,110,HIGH,100
handcrafted semi precious gemstone jewelry,110,LOW,18
handcrafted sterling silver necklace,110,HIGH,100
handmade amethyst jewelry,110,HIGH,70
handmade copper ring,110,HIGH,96
handmade earrings for women,110,HIGH,100
handmade filigree jewelry,110,HIGH,77
handmade freshwater pearl earrings,110,HIGH,80
handmade lampwork glass beads,110,HIGH,100
handmade natural stone earrings,110,MEDIUM,55
handmade pearl ring,110,HIGH,100
handmade rings with wire,110,HIGH,93
handmade seashell earrings,110,HIGH,100
handmade shell earrings,110,HIGH,100
handmade silver heart earrings,110,MEDIUM,63
handmade swarovski bracelets,110,HIGH,72
handmade trinkets,110,MEDIUM,46
handmade wire necklace,110,HIGH,83
handmade wire ring,110,HIGH,93
homemade christmas earrings,110,MEDIUM,54
homemade earrings for women,110,HIGH,100
mexican handcrafted jewelry,110,HIGH,100
pendant handmade,110,HIGH,98
simply clay earrings,110,HIGH,98
stone handmade jewelry,110,HIGH,100
wire handmade rings,110,HIGH,93
artisan of bali jewelry,110,HIGH,84
handmade mens necklaces,110,HIGH,100
bora handcrafted jewelry,110,MEDIUM,59
hand made engagement rings,90,HIGH,100
amazon handmade jewelry,90,HIGH,70
handmade beaded jewelry websites,90,HIGH,100
home made jewelry,90,HIGH,93
local handmade jewelry near me,90,HIGH,100
handmade sterling silver bracelets,90,HIGH,100
handmade pearl necklace,90,HIGH,92
handmade stud earrings,90,HIGH,100
handmade diamond engagement rings,90,HIGH,94
handmade jewelry online,90,HIGH,97
handmade jewelry companies,90,HIGH,100
homemade jewelry near me,90,HIGH,74
artisan made jewelry,90,HIGH,76
dowling brothers bracelets,90,HIGH,100
handmade silver,90,HIGH,99
artisan jewelry store,90,MEDIUM,44
handmade resin jewelry,90,HIGH,100
handmade 14k gold jewelry,90,LOW,20
handmade brass jewelry,90,HIGH,100
handmade silver cross necklace,90,HIGH,100
handmade crystal bracelets,90,HIGH,100
handmade metal jewelry,90,HIGH,97
handmade jewelry stores near me,90,HIGH,100
homemade wedding rings,90,HIGH,96
handmade costume jewellery,90,HIGH,69
handmade gemstone bracelets,90,MEDIUM,53
artisan jewelry website,90,MEDIUM,65
beads rings handmade,90,HIGH,87
boho handmade earrings,90,HIGH,72
handcrafted bridal jewelry,90,LOW,2
handcrafted diamond engagement rings,90,HIGH,94
handcrafted jewellery online,90,HIGH,97
handcrafted pearl necklace,90,HIGH,92
handcrafted sterling silver bracelets,90,HIGH,100
handmade boho earrings,90,HIGH,72
handmade cat earrings,90,HIGH,99
handmade ceramic earrings,90,HIGH,100
handmade ceramic jewellery,90,HIGH,100
handmade chain jewelry,90,HIGH,74
handmade chakra bracelet,90,HIGH,81
handmade crafts jewellery,90,HIGH,76
handmade enamel earrings,90,HIGH,76
handmade enamel jewellery,90,HIGH,86
handmade gemstone necklace,90,HIGH,84
handmade heart jewelry,90,MEDIUM,48
handmade leather necklace,90,MEDIUM,55
handmade long necklace,90,HIGH,94
handmade mens turquoise ring,90,HIGH,100
handmade metalsmith jewelry,90,HIGH,97
handmade silver cross pendant,90,HIGH,100
handmade silver stacking rings,90,HIGH,96
handmade soldered jewelry,90,HIGH,100
handmade steampunk jewellery,90,LOW,32
handmade swarovski crystal earrings,90,LOW,29
handmade turquoise bracelet,90,MEDIUM,57
handmade vintage earrings,90,MEDIUM,65
handmade vintage jewelry,90,HIGH,79
homemade copper bracelet,90,HIGH,100
homemade cross necklace,90,HIGH,96
homemade wedding band,90,HIGH,96
pearl handmade necklace,90,HIGH,92
vintage handmade earrings,90,MEDIUM,65
artisan jewelry websites,90,MEDIUM,65
artisan wedding rings,90,HIGH,99
artisan wedding bands,90,HIGH,99
stud earrings handmade,90,HIGH,100
vintage handmade jewelry,90,HIGH,79
unique handmade engagement rings,70,HIGH,100
handmade mens silver rings,70,HIGH,100
handmade christian jewelry,70,HIGH,100
handmade rings near me,70,HIGH,100
handmade gold necklace,70,HIGH,100
handmade gold hoop earrings,70,HIGH,100
unique bracelets handmade,70,HIGH,100
handmade jewelry small business,70,HIGH,87
handmade anklets,70,HIGH,100
handmade pearl jewelry,70,HIGH,100
handmade crystal necklace,70,HIGH,100
selling handmade jewelry,70,LOW,22
handmade stone necklace,70,HIGH,83
handmade pendant necklace,70,HIGH,100
handmade glass earrings,70,HIGH,100
handmade diamond,70,HIGH,100
handmade with love jewelry,70,HIGH,100
handmade lampwork beads,70,HIGH,100
handmade silver heart necklace,70,HIGH,83
handmade italian jewelry,70,HIGH,96
canadian handmade jewelry,70,HIGH,76
hand painted jewellery,70,HIGH,100
hand beaded necklaces,70,HIGH,75
artisan lampwork beads,70,MEDIUM,63
handcrafted necklaces and pendants,70,HIGH,100
handmade earrings for sale,70,HIGH,100
handmade ethnic jewellery,70,MEDIUM,58
homemade earrings for sale,70,HIGH,100
handmade antler rings,70,HIGH,100
handmade beaded anklets,70,HIGH,100
artisan rings for women,70,HIGH,100
bracelet for women handmade,70,HIGH,100
crystal earrings handmade,70,HIGH,76
crystal necklace handmade,70,HIGH,100
etsy handmade necklace,70,HIGH,90
gold handmade necklace,70,HIGH,100
hand embroidery jewellery,70,HIGH,75
handcrafted gold necklace,70,HIGH,100
handcrafted indian jewelry,70,HIGH,100
handmade bird earrings,70,MEDIUM,62
handmade brass earrings,70,HIGH,84
handmade chandelier earrings,70,HIGH,98
handmade christmas bracelets,70,LOW,32
handmade christmas jewellery,70,MEDIUM,49
handmade crystal earrings,70,HIGH,76
handmade embroidered jewellery,70,HIGH,75
handmade evil eye necklace,70,HIGH,100
handmade feather earrings,70,HIGH,100
handmade gold filled beaded jewelry,70,HIGH,74
handmade hemp necklaces,70,LOW,0
handmade hippie jewelry,70,MEDIUM,38
handmade moonstone jewelry,70,HIGH,68
handmade necklace gold,70,HIGH,100
handmade necklace pendant,70,HIGH,100
handmade painted jewellery,70,HIGH,100
handmade red earrings,70,MEDIUM,58
handmade rubber band bracelets,70,HIGH,90
handmade silver and gold jewellery,70,HIGH,100
handmade silver brooches,70,LOW,14
handmade silver ring men,70,HIGH,100
handmade wire wrapped earrings,70,HIGH,100
handmade womens bracelets,70,HIGH,100
handmade wooden bangles,70,MEDIUM,58
high quality handmade jewelry,70,HIGH,75
homemade christmas jewelry,70,MEDIUM,49
mens silver rings handmade,70,HIGH,100
ring monel handmade,70,LOW,7
selling handcrafted jewelry,70,LOW,22
selling homemade jewelry,70,LOW,22
unique handcrafted engagement rings,70,HIGH,100
women handmade bracelets,70,HIGH,100
jtv artisan of bali,70,HIGH,93
artisan of bali jtv,70,HIGH,93
zd artisan jewelry,70,HIGH,100
artisan copper jewelry,70,LOW,17
handcrafted christian jewelry,70,HIGH,100
jtv artisan bali,70,HIGH,93
hand made wedding rings,50,HIGH,100
irish handmade jewellery,50,HIGH,100
wholesale handmade jewelry,50,HIGH,100
artisan silver earrings,50,HIGH,100
hand made necklace,50,HIGH,93
selling handmade jewelry online,50,MEDIUM,47
artisan silver rings,50,HIGH,100
handmade locket,50,HIGH,95
handmade eternity ring,50,HIGH,92
handmade silver pendant,50,HIGH,100
handmade gold chain,50,HIGH,100
artisan jewelry stores near me,50,HIGH,97
local made jewelry,50,HIGH,97
handmade signet ring,50,HIGH,97
zuni handmade jewelry,50,HIGH,93
handmade opal ring,50,HIGH,98
handmade jewellery design,50,HIGH,100
handmade gold filled jewelry,50,HIGH,76
handmade sapphire ring,50,HIGH,88
handmade choker,50,HIGH,100
turkish handmade jewelry,50,HIGH,75
handmade jewelry with natural stones,50,HIGH,81
handmade beach jewelry,50,HIGH,84
handmade cuff bracelets,50,HIGH,100
handmade stone earrings,50,HIGH,100
navajo handmade jewelry,50,HIGH,100
handmade coin jewelry,50,LOW,26
handmade wooden necklaces,50,HIGH,100
handmade ruby ring,50,HIGH,80
handmade bridal earrings,50,HIGH,76
handmade heart necklace,50,HIGH,89
handmade pearl bracelet,50,HIGH,100
handcrafted irish jewelry,50,HIGH,100
hand made silver chain,50,HIGH,100
handmade choker necklace,50,HIGH,92
handmade sterling silver pendants,50,HIGH,85
black handmade jewelry,50,LOW,29
blue handmade earrings,50,LOW,12
charm nugget,50,HIGH,91
cute homemade bracelets,50,HIGH,93
design handmade jewelry,50,HIGH,100
hand tooled leather bracelets,50,MEDIUM,62
handcrafted art jewelry,50,MEDIUM,41
handcrafted jewelry wholesale,50,HIGH,100
handcrafted silver,50,MEDIUM,36
handcrafted silver pendants,50,HIGH,100
handcrafted sterling silver pendants,50,HIGH,85
handmade art jewellery,50,LOW,21
handmade braided bracelets,50,HIGH,96
handmade bronze jewellery,50,HIGH,70
handmade ceramic pendants,50,HIGH,81
handmade chain gold,50,HIGH,100
handmade charm necklace,50,HIGH,100
handmade clay jewellery,50,HIGH,100
handmade copper necklace,50,HIGH,99
handmade embroidery earrings,50,HIGH,100
handmade evil eye earrings,50,HIGH,100
handmade flower ring,50,MEDIUM,35
handmade heart earrings,50,HIGH,81
handmade japanese jewelry,50,HIGH,100
handmade jewellery making,50,HIGH,90
handmade jewelry bracelet,50,HIGH,86
handmade meteorite ring,50,HIGH,100
handmade silver rings for women,50,MEDIUM,59
handmade statement necklace,50,HIGH,100
handmade swarovski crystal bracelets,50,HIGH,72
handmade swarovski crystal jewelry,50,HIGH,89
handmade swarovski earrings,50,MEDIUM,65
handmade swarovski jewelry,50,MEDIUM,55
handmade vintage inspired jewelry,50,LOW,0
handmade wedding earrings,50,HIGH,100
handmade wooden bracelets,50,MEDIUM,62
homemade bead earrings,50,HIGH,97
homemade bracelets for guys,50,HIGH,90
homemade bracelets for men,50,HIGH,90
homemade jewellery making,50,HIGH,90
irish handcrafted jewellery,50,HIGH,100
jewelry handmade jewelry,50,MEDIUM,60
mevecco bracelet,50,HIGH,97
natural stone handmade jewelry,50,HIGH,81
opal ring handmade,50,HIGH,98
seashell clay earrings,50,HIGH,96
silver handmade pendants,50,HIGH,100
swarovski handmade earrings,50,MEDIUM,65
artisan of bali,50,HIGH,84
jtv bali jewelry,50,HIGH,100
jtv artisan of bali bracelets,50,HIGH,97
artisan jewelers near me,50,HIGH,97
artisan cross necklace,50,HIGH,100
jtv artisan of turkey,50,HIGH,95
cape cod jewelers and artisans,50,HIGH,99
james avery artisan jewelry james avery,50,LOW,7
james avery bracelets near me,50,HIGH,96
jtv artisan collection of bali bracelets,50,HIGH,91
jtv artisan collection of ireland,50,HIGH,88
handmade silver jewerly,40,HIGH,100
handmade unique wedding rings,40,HIGH,68
custom beaded bracelets bulk,40,HIGH,100
hand made ring,40,HIGH,100
handmade drop earrings,40,HIGH,100
handmade artisan earrings,40,MEDIUM,59
handmade bracelets near me,40,HIGH,85
handmade jewelry rings,40,HIGH,100
local artisan jewelry,40,HIGH,100
handmade nose rings,40,HIGH,100
handmade mala beads,40,HIGH,100
handmade jewelry necklaces,40,HIGH,100
handcrafted earrings near me,40,HIGH,100
handmade custom rings,40,MEDIUM,63
handmade flower earrings,40,HIGH,100
handmade resin earrings,40,HIGH,100
handmade ear cuffs,40,HIGH,100
qgc jewelry,40,LOW,23
handmade sterling silver,40,HIGH,100
bracelet design handmade,40,HIGH,93
brazilian handmade jewelry,40,HIGH,76
ear cuff handmade,40,HIGH,100
evil eye bracelet handmade,40,HIGH,100
hand embroidery pendant,40,MEDIUM,53
hand made mala,40,HIGH,87
handcrafted pearl jewellery,40,HIGH,98
handcrafted sterling silver,40,HIGH,100
handmade beaded gemstone jewelry,40,MEDIUM,47
handmade bracelet design,40,HIGH,93
handmade bridal jewellery,40,HIGH,87
handmade ceramic rings,40,MEDIUM,66
handmade copper chain,40,HIGH,100
handmade copper wire bracelets,40,HIGH,96
handmade crochet earrings,40,HIGH,97
handmade dream catcher necklace,40,MEDIUM,62
handmade floral earrings,40,HIGH,97
handmade flower bracelet,40,HIGH,95
handmade jewellery earrings,40,HIGH,100
handmade jewellery price,40,LOW,18
handmade metal bracelets,40,HIGH,100
handmade moon necklace,40,MEDIUM,44
handmade moonstone ring,40,HIGH,100
handmade pearl earrings design,40,HIGH,76
handmade porcelain jewelry,40,HIGH,100
handmade seed bead bracelets,40,HIGH,93
handmade wedding jewellery,40,HIGH,79
handmade wire wrapped rings,40,HIGH,100
handmade wooden beads,40,HIGH,88
handwoven earrings,40,HIGH,100
homemade clay earrings,40,HIGH,96
jewellery making handmade,40,HIGH,91
lan anh handmade bracelets,40,LOW,0
luxury handcrafted jewellery,40,LOW,2
necklace handmade jewellery,40,HIGH,100
square polymer clay earrings,40,LOW,18
sterling silver handmade,40,HIGH,100
unique handcrafted wedding bands,40,HIGH,68
unique handmade wedding bands,40,HIGH,68
ursteel handmade with love,40,HIGH,84
artisan collection of bali,40,HIGH,100
the artisan rings,40,HIGH,100
anju handcrafted jewelry,40,HIGH,100
mexican artisan jewelry,40,HIGH,100
artisan gold bracelet,40,HIGH,100
artisan glass jewelry,40,HIGH,100
james avery rings near me,40,HIGH,92
unique handmade silver rings,30,HIGH,100
best handmade jewelry,30,HIGH,100
handmade gold bracelet,30,HIGH,100
handmade gold wedding bands,30,HIGH,100
artisan sterling silver rings,30,HIGH,100
artisan sterling silver earrings,30,HIGH,100
handmade hammered silver earrings,30,MEDIUM,62
custom leather earrings,30,MEDIUM,43
handmade gold pendant,30,HIGH,82
handmade silver stud earrings,30,LOW,8
artist made jewelry,30,HIGH,96
handmade contemporary jewellery,30,MEDIUM,47
handmade spiritual jewelry,30,HIGH,100
handmade silver rings with stones,30,HIGH,72
handmade fabric jewelry,30,HIGH,72
handmade piercing jewelry,30,HIGH,82
handmade opal jewelry,30,HIGH,100
jewelry handmade near me,30,HIGH,89
best selling handmade jewelry,30,HIGH,99
handmade statement earrings,30,HIGH,100
boho surfer anklet,30,LOW,0
etsy handmade beaded jewelry,30,HIGH,100
handmade stainless steel jewelry,30,HIGH,98
handmade woven bracelets,30,HIGH,100
silveristic handmade jewelry,30,HIGH,100
artisan made earrings,30,HIGH,100
artisan rings for men,30,HIGH,100
artisan sterling earrings,30,HIGH,100
beaded bangles handmade,30,HIGH,76
best handcrafted jewelry,30,HIGH,100
black and gold polymer clay earrings,30,HIGH,75
bracelet hand made,30,HIGH,100
buddhist knot bracelet,30,HIGH,90
clay earrings handmade,30,HIGH,100
colombian handmade jewelry,30,HIGH,95
cute handmade bracelets,30,HIGH,76
dainty handmade jewelry,30,HIGH,100
fabric handmade jewellery,30,HIGH,72
fabric handmade jewelry,30,HIGH,72
funky handmade earrings,30,HIGH,78
hand embroidery necklace,30,HIGH,78
hand made jewellery set,30,HIGH,83
handcrafted pendant,30,HIGH,97
handmade amethyst bracelet,30,HIGH,100
handmade amethyst ring,30,HIGH,73
handmade artistic earrings,30,MEDIUM,38
handmade beaded brooches,30,HIGH,96
handmade beaded hoop earrings,30,HIGH,92
handmade boho bracelets,30,HIGH,95
handmade boho necklace,30,LOW,29
handmade bracelet thread,30,HIGH,84
handmade bracelet with thread,30,HIGH,82
handmade butterfly earrings,30,HIGH,99
handmade catholic jewelry,30,MEDIUM,50
handmade ceramic necklace,30,LOW,31
handmade chain bracelet,30,HIGH,88
handmade chunky silver rings,30,HIGH,83
handmade clay pendant,30,MEDIUM,43
handmade cloth earrings,30,HIGH,100
handmade colombian bracelets,30,HIGH,100
handmade copper bracelets for men,30,HIGH,100
handmade copper wire jewelry,30,HIGH,100
handmade cuban chain,30,HIGH,100
handmade fabric earrings,30,HIGH,100
handmade funky earrings,30,HIGH,78
handmade gold beaded jewelry,30,LOW,16
handmade gold engagement rings,30,HIGH,100
handmade gold wedding rings,30,HIGH,100
handmade halloween earrings,30,MEDIUM,45
handmade jewelry pendants,30,HIGH,100
handmade labradorite necklace,30,HIGH,100
handmade leather cuff bracelet,30,MEDIUM,51
handmade leather rings,30,HIGH,100
handmade mexican earrings,30,HIGH,100
handmade moti bracelet,30,LOW,28
handmade native american earrings,30,HIGH,90
handmade natural jewelry,30,HIGH,100
handmade peruvian jewelry,30,HIGH,100
handmade seed bead jewelry,30,MEDIUM,35
handmade silversmith jewelry,30,HIGH,100
handmade skull ring,30,HIGH,76
handmade stainless steel bracelets,30,HIGH,100
handmade stone ring,30,HIGH,94
handmade stretch bracelets,30,HIGH,100
handmade string mexican bracelets,30,HIGH,81
handmade tibetan jewelry,30,LOW,11
handmade valentine earrings,30,LOW,0
handmade valentine jewelry,30,LOW,10
handmade wire chain,30,MEDIUM,58
handmade wooden pendant,30,HIGH,100
homemade anklet,30,LOW,30
homemade bead jewelry,30,HIGH,100
homemade bracelets for sale,30,HIGH,100
homemade halloween earrings,30,MEDIUM,45
homemade leather bracelet,30,HIGH,80
men's artisan rings,30,HIGH,100
native american handmade earrings,30,HIGH,90
opal handmade jewelry,30,HIGH,100
pakistani handmade jewellery,30,LOW,23
polymer clay earrings handmade,30,MEDIUM,49
rustic handmade jewelry,30,HIGH,100
stainless steel handmade jewelry,30,HIGH,98
string handmade bracelets,30,HIGH,84
trending handmade jewellery,30,HIGH,100
trendy handmade jewelry,30,HIGH,100
triangle clay earrings,30,LOW,15
unique jewelry necklace,30,HIGH,99
yoosteel handmade with love,30,LOW,22
artisan diamond rings,30,HIGH,72
jewelry artisans near me,30,HIGH,96
artisan gold jewelry,30,HIGH,100
james artisan jewelry,30,HIGH,80
mens artisan rings,30,HIGH,100
artisan crafted rings,30,HIGH,93
artisan collection of bali jtv,30,HIGH,100
artisan diamond engagement rings,30,HIGH,72
artisan jewelry arundel mills,30,HIGH,94
artisan jewelry online,30,HIGH,100
hand crafted beads,30,HIGH,100
handmade jewellery set,30,HIGH,83
unique jewelry for her,20,HIGH,97
handmade mens silver bracelets,20,HIGH,100
custom handmade engagement rings,20,HIGH,100
handmade engagement rings near me,20,HIGH,100
tibetan lucky bracelet,20,HIGH,73
handmade viking jewelry,20,HIGH,100
unique handmade necklaces,20,HIGH,96
handmade celtic jewellery,20,HIGH,100
hand made silver jewllery,20,HIGH,100
handmade larimar jewelry,20,MEDIUM,62
artisan silver bracelets,20,HIGH,100
hand made silver bracelets,20,HIGH,100
hand made gold rings,20,HIGH,100
handmade name necklace,20,HIGH,100
handmade bohemian earrings,20,HIGH,100
jewelry hand made,20,HIGH,100
artisan gold rings,20,HIGH,100
handcrafted rings near me,20,HIGH,91
custom beaded earrings,20,HIGH,100
handmade emerald ring,20,HIGH,100
handmade septum jewelry,20,HIGH,100
handmade opal necklace,20,HIGH,100
kelitch bracelets,20,HIGH,100
handmade promise rings,20,HIGH,100
sterling silver handcrafted jewelry,20,HIGH,100
high end handmade jewelry,20,HIGH,71
local artisan jewelry near me,20,HIGH,99
handmade gold jewelry near me,20,HIGH,100
handmade crystal rings,20,HIGH,96
handmade wrap bracelets,20,MEDIUM,50
popular handmade jewelry,20,HIGH,100
handmade earrings design,20,HIGH,100
artisan jewelry designers,20,LOW,28
handmade diamond earrings,20,HIGH,83
glass baron handmade glass jewelry,20,MEDIUM,45
handmade jewelry artists,20,MEDIUM,57
handmade locket necklace,20,HIGH,100
handmade spinner ring,20,HIGH,100
plumiss bracelet,20,HIGH,100
artisan earrings near me,20,HIGH,100
potessa handmade jewelry,20,HIGH,73
handmade silver chain necklace,20,HIGH,96
handmade sterling silver hoop earrings,20,MEDIUM,57
handmade bracelets for sale,20,HIGH,100
beautiful handmade jewelry,20,HIGH,100
women's handmade earrings,20,HIGH,100
art necklace handmade,20,HIGH,100
ebay handmade jewelry,20,HIGH,100
hand made gold chain,20,HIGH,82
african handmade earrings,20,HIGH,100
artisan handmade rings,20,HIGH,100
authentic handmade native american jewelry,20,LOW,18
beautiful handmade bracelets,20,HIGH,96
big handmade earrings,20,HIGH,79
crystal handmade rings,20,HIGH,96
custom artisan jewelry,20,LOW,22
cute handmade earrings,20,HIGH,98
cute handmade jewelry,20,HIGH,67
cute homemade earrings,20,HIGH,93
cute homemade jewelry,20,HIGH,67
easy handmade bracelets,20,HIGH,95
easy handmade earrings,20,HIGH,90
easy handmade jewellery,20,MEDIUM,42
easy homemade earrings,20,HIGH,90
etsy homemade jewelry,20,HIGH,100
gold artisan rings,20,HIGH,100
gold diamond handmade wedding,20,LOW,2
gold women handmade wedding,20,LOW,20
hand made bead bracelets,20,HIGH,100
hand made chain,20,HIGH,89
handcrafted anklets,20,,
handcrafted glass jewelry,20,LOW,22
handcrafted jewelry online stores,20,HIGH,80
handmade amber necklace,20,,
handmade aquamarine ring,20,HIGH,71
handmade artisan rings,20,HIGH,100
handmade black earrings,20,MEDIUM,44
handmade butterfly necklace,20,HIGH,96
handmade childrens bracelets,20,HIGH,69
handmade clay bead bracelet,20,MEDIUM,36
handmade clay necklace,20,MEDIUM,56
handmade coconut jewelry,20,MEDIUM,38
handmade copper cuff bracelet,20,HIGH,99
handmade crochet necklace,20,HIGH,77
handmade cross necklace mens,20,HIGH,100
handmade crucifix necklace,20,HIGH,100
handmade cuban link bracelet,20,HIGH,100
handmade dokra jewellery,20,MEDIUM,57
handmade dream catcher earrings,20,HIGH,100
handmade earrings price,20,HIGH,100
handmade evil eye jewelry,20,HIGH,100
handmade flower necklace,20,HIGH,67
handmade freshwater pearl necklace,20,HIGH,93
handmade glass beaded jewelry,20,MEDIUM,33
handmade glass bracelets,20,HIGH,87
handmade glass necklace,20,HIGH,89
handmade hammered jewelry,20,HIGH,80
handmade hawaiian bracelets,20,HIGH,95
handmade hemp bracelets,20,MEDIUM,51
handmade hemp jewelry,20,HIGH,76
handmade hoop,20,HIGH,82
handmade jewellery makers,20,LOW,13
handmade jewellery online shop,20,HIGH,80
handmade jewellery selling sites,20,MEDIUM,61
handmade jewellery shop near me,20,HIGH,97
handmade jewelry selling websites,20,MEDIUM,61
handmade korean jewelry,20,HIGH,100
handmade leather chokers,20,HIGH,81
handmade masonic ring,20,HIGH,100
handmade meenakari jewelry,20,LOW,0
handmade mens copper bracelet,20,HIGH,100
handmade metal earrings,20,LOW,15
handmade metal rings,20,HIGH,100
handmade mixed metal jewelry,20,HIGH,100
handmade native american beaded jewelry,20,HIGH,93
handmade natural stone bracelets,20,HIGH,83
handmade natural stone necklaces,20,MEDIUM,58
handmade necklaces for women,20,HIGH,100
handmade pewter jewelry,20,MEDIUM,50
handmade polymer clay,20,MEDIUM,59
handmade porcelain earrings,20,MEDIUM,36
handmade post earrings,20,HIGH,100
handmade quartz jewelry,20,MEDIUM,35
handmade recycled jewellery,20,LOW,32
handmade resin necklace,20,HIGH,67
handmade resin rings,20,HIGH,100
handmade rope bracelet,20,HIGH,100
handmade seed bead earrings,20,HIGH,71
handmade seed bead necklaces,20,HIGH,90
handmade silver anklets,20,MEDIUM,38
handmade skull earrings,20,HIGH,96
handmade snake ring,20,MEDIUM,58
handmade stackable rings,20,HIGH,93
handmade stacking rings,20,HIGH,93
handmade teardrop earrings,20,HIGH,100
handmade tibetan bracelet,20,HIGH,75
handmade titanium rings,20,HIGH,100
handmade western rings,20,HIGH,100
handmade western wedding rings,20,HIGH,88
handmade with love bracelets,20,HIGH,95
handmade with love earrings,20,HIGH,100
handmade wooden engagement rings,20,HIGH,100
homemade couples bracelets,20,MEDIUM,38
homemade dangle earrings,20,MEDIUM,37
homemade earrings with beads,20,HIGH,100
homemade jewelry stores near me,20,MEDIUM,63
homemade necklace chain,20,LOW,18
homemade silver jewellery,20,HIGH,92
large handmade earrings,20,HIGH,79
lemon clay earrings,20,HIGH,100
mehndi earrings handmade,20,MEDIUM,36
men's handmade silver bracelets,20,HIGH,100
mexican handmade necklace,20,MEDIUM,58
modern handmade jewellery,20,HIGH,100
polymer clay peach earrings,20,HIGH,75
pretty handmade bracelets,20,HIGH,96
pride clay earrings,20,HIGH,76
rugged life handmade jewelry,20,LOW,9
simple homemade earrings,20,HIGH,90
unusual handmade rings,20,HIGH,100
jeulia premium artisan jewelry,20,MEDIUM,48
premium artisan jewelry,20,HIGH,73
handicraft jewellery,20,LOW,26
artisan turquoise jewelry,20,HIGH,100
unique artisan jewelry,20,LOW,32
cherished birthstone necklace james avery,20,MEDIUM,36
covaly artisan jewelry,20,LOW,32
handmade ear wires,20,HIGH,100
handmade solid gold jewelry,20,HIGH,100
j stoddard artisan jewelry,20,LOW,26
james avery jewelry maker,20,MEDIUM,38
james avery new jewelry,20,HIGH,93
jtv artisan collection,20,HIGH,94
jtv bali rings,20,HIGH,81
julia premium artisan jewelry,20,MEDIUM,48
men's artisan jewelry,20,HIGH,100
uniquely handcrafted,20,LOW,22
bespoke silver necklace,10,HIGH,100
handmade welsh jewellery,10,,
chunky silver handmade jewellery,10,,
unique handmade silver earrings,10,HIGH,100
shopify handmade jewelry stores,10,HIGH,100
hand made silver necklace,10,HIGH,100
hand made diamond rings,10,HIGH,100
artisan jewelry wholesale,10,HIGH,100
hand made mens wedding bands,10,HIGH,100
bespoke silver earrings,10,HIGH,100
replica jewellery online,10,LOW,0
best handmade jewelry websites,10,HIGH,100
tibetan lucky knot bracelet,10,HIGH,100
handmade wedding rings near me,10,HIGH,100
handmade moissanite engagement rings,10,HIGH,100
handmade birthstone jewelry,10,HIGH,100
aboriginal handmade jewellery,10,LOW,0
handmade earrings online shop,10,LOW,0
irish made earrings,10,HIGH,100
best artisan jewelry websites,10,HIGH,100
hand made mens rings,10,HIGH,100
hand made cuban link chain,10,HIGH,100
polymer clay earrings shop,10,LOW,29
bespoke handmade jewellery,10,MEDIUM,33
artisan silver necklace,10,HIGH,100
handmade cornish engagement rings,10,,
handmade sapphire engagement rings,10,HIGH,100
handmade initial necklace,10,HIGH,100
artisan gold earrings,10,HIGH,100
bespoke silver bracelets,10,,
handmade white gold rings,10,HIGH,100
handmade diamond necklace,10,HIGH,67
artisan gold necklace,10,HIGH,100
handmade purnama bracelet,10,HIGH,100
handmade silver mens jewelry,10,MEDIUM,60
handmade mjolnir necklace,10,HIGH,100
handmade birthstone rings,10,HIGH,100
handmade ethical engagement rings,10,HIGH,100
artisan jewelry rings,10,HIGH,100
quality handmade jewelry,10,HIGH,67
handmade joy ring,10,,
handmade gemstone engagement rings,10,HIGH,100
handmade opal earrings,10,HIGH,100
handmade silver locket,10,MEDIUM,33
handmade birthstone necklace,10,MEDIUM,33
handmade couple rings,10,HIGH,100
custom damascus ring,10,MEDIUM,48
handmade gold cross necklace,10,HIGH,100
handmade sterling silver artisan jewelry,10,HIGH,100
sterling silver handmade dragon chain bracelet,10,,
fashion jewelry handmade with love,10,HIGH,100
sustainable handmade jewelry,10,,
selling homemade jewelry online,10,LOW,25
irish handmade earrings,10,,
handmade dainty jewelry,10,MEDIUM,33
jewellery hand made,10,LOW,0
online handmade jewelry stores,10,HIGH,100
handmade platinum wedding rings,10,HIGH,100
handmade silver drop earrings,10,LOW,25
handmade gold stud earrings,10,,
zuni handmade jewelry wholesale,10,HIGH,95
buy handmade jewelry,10,HIGH,100
handmade biker rings,10,HIGH,100
amazon handmade earrings,10,LOW,19
beautiful handmade earrings,10,HIGH,100
alfas handmade jewelry,10,,
handmade indigenous jewelry,10,HIGH,95
hand made gold bangles,10,HIGH,100
engagement rings hand made,10,,
successful handmade jewelry business,10,LOW,0
handmade ring design,10,HIGH,100
buy handmade jewellery online,10,HIGH,100
handmade ethical jewellery,10,,
handmade beads for sale,10,,
hand made gold necklace,10,HIGH,100
handmade gold hoops,10,HIGH,100
handmade earrings online,10,HIGH,100
gold artisan jewelry,10,HIGH,100
wholesale handmade earrings,10,HIGH,100
locally made earrings,10,HIGH,100
hand made sterling silver earrings,10,HIGH,100
handmade necklace design,10,HIGH,100
handmade silver hoops,10,HIGH,100
handmade peridot jewelry,10,HIGH,100
mdtc handmade jewelry,10,,
african handmade necklaces,10,HIGH,100
alexia handmade jewelry,10,LOW,1
alexia jewellery,10,HIGH,100
alfas handmade jewelry etsy,10,,
amber handmade jewelry,10,HIGH,100
american handmade jewelry,10,HIGH,100
amiu handmade jewelry,10,,
anklet homemade,10,LOW,5
aobei handmade gold necklace,10,LOW,0
aqeeq handmade gents ring design in silver with stone,10,LOW,0
aquamarine handmade jewelry,10,HIGH,86
aria handmade jewelry,10,,
artful handmade wrap bracelets,10,,
artificial handmade jewellery,10,LOW,0
artisan beaded necklaces,10,HIGH,100
artisan crafted earrings,10,,
artisan crafted sterling silver rings,10,HIGH,100
artisan drop earrings,10,HIGH,100
artisan gemstone rings,10,HIGH,91
artisan gold hoop earrings,10,MEDIUM,50
artisan jewelry for sale,10,HIGH,100
artisan lampwork glass beads,10,HIGH,100
artisan opal ring,10,HIGH,100
artisan silver hoop earrings,10,HIGH,100
artisan silver pendants,10,,
artisan sterling silver,10,HIGH,75
artisan sterling silver bracelets,10,HIGH,100
artisan sterling silver necklaces,10,,
atf handmade jewelry,10,,
avocado clay earrings,10,HIGH,100
beads for handmade jewelry,10,,
beautiful handcrafted necklaces,10,LOW,0
beautiful handmade necklaces,10,LOW,0
bee clay earrings,10,HIGH,96
bee polymer clay earrings,10,HIGH,93
bengali handmade jewellery,10,LOW,0
bespoke gemstone jewellery,10,HIGH,100
bespoke jewellery online,10,,
bespoke pearl necklace,10,HIGH,83
bespoke silver ring,10,HIGH,100
best artisan jewelry,10,HIGH,100
best handcrafted jewelry websites,10,,
best handmade bracelets,10,HIGH,100
best handmade earrings,10,MEDIUM,40
best handmade jewelry etsy,10,HIGH,86
best selling handmade earrings on amazon,10,,
best selling handmade jewelry on etsy,10,HIGH,100
black and gold clay earrings,10,HIGH,76
black handmade earrings,10,MEDIUM,45
black owned handmade jewelry,10,MEDIUM,50
black owned polymer clay earrings,10,,
bluebell handmade jewellery,10,,
boho polymer clay earrings,10,HIGH,100
botanical jewelry handmade,10,,
braided polymer clay earrings,10,MEDIUM,46
brighton handmade jewellery,10,,
bts clay earrings,10,HIGH,100
bts handmade bracelet,10,LOW,31
buy handmade bracelets,10,,
buy handmade bracelets online,10,LOW,0
buy handmade earrings,10,,
buy handmade earrings online,10,LOW,0
calypso handmade jewellery,10,LOW,21
cat eye necklace handmade,10,,
catherine weitzman handmade jewelry,10,LOW,0
cheap handmade bracelets,10,,
cheap handmade jewelry,10,HIGH,100
checkered polymer clay earrings,10,HIGH,100
cheetah polymer clay earrings,10,LOW,8
chock dee handmade jewelry shop,10,,
christmas ring handmade,10,LOW,0
chunky handmade jewellery,10,HIGH,100
chunky handmade silver rings,10,HIGH,100
classy handmade jewellery,10,,
clay handmade earrings,10,HIGH,100
clay handmade jewellery,10,LOW,0
colombian artisan jewelry,10,HIGH,100
colorful handmade jewelry,10,MEDIUM,44
contemporary handcrafted jewellery,10,,
cool handmade bracelets,10,HIGH,100
cool handmade earrings,10,HIGH,100
cool handmade jewelry,10,HIGH,100
cool homemade bracelets,10,LOW,29
cool homemade earrings,10,MEDIUM,50
copper wire earrings handmade,10,LOW,0
core handmade jewelry,10,,
couple handmade bracelet,10,HIGH,100
creative handmade earrings,10,LOW,0
creative handmade jewelry,10,HIGH,100
crystal handcrafted jewelry,10,,
crystal rings handmade,10,MEDIUM,63
cuban link chain handmade,10,HIGH,100
custom clay earrings,10,HIGH,100
custom handmade bracelet,10,HIGH,100
custom handmade wedding bands,10,MEDIUM,57
custom handmade wedding rings,10,HIGH,100
custom leather necklaces,10,HIGH,100
cute handmade necklaces,10,HIGH,100
cute handmade rings,10,HIGH,100
cute homemade bead bracelets,10,LOW,0
cute homemade necklaces,10,HIGH,100
cute homemade rings,10,,
dbs handmade custom ring,10,,
delicate handmade jewelry,10,LOW,0
design of handmade jewellery,10,,
dna handmade jewelry,10,HIGH,71
dowling brothers tibetan bracelets,10,,
dr laura handmade jewelry,10,,
dragon eye necklace handmade,10,,
drops handmade jewellery,10,,
durga handmade jewellery,10,LOW,0
durga necklace handmade,10,LOW,0
earring design handmade,10,HIGH,100
earring design homemade,10,,
earrings design home made,10,,
earrings hand made,10,MEDIUM,57
easy homemade jewelry,10,HIGH,100
ebay handmade earrings,10,,
egyptian handmade jewelry,10,HIGH,100
elegant handmade jewelry,10,LOW,21
elinart handmade jewelry,10,MEDIUM,46
ella artisan jewellery,10,,
emma handmade jewelry,10,,
ethereal handmade jewellery,10,HIGH,75
etsy hand bracelet,10,HIGH,100
etsy hand earrings,10,LOW,0
etsy handmade engagement rings,10,HIGH,100
etsy handmade jewelry designers,10,,
etsy handmade silver rings,10,HIGH,100
etsy silver bracelets handmade,10,HIGH,100
evil eye necklace handmade,10,,
exclusive handmade jewelry,10,,
exotic handmade jewelry,10,HIGH,78
expensive handmade jewelry,10,HIGH,100
fabric handmade choker,10,LOW,7
fabric handmade earrings,10,HIGH,100
fabric handmade jewellery design,10,,
feral handmade jewelry,10,LOW,10
fettero handmade,10,,
fifth avenue collection handmade,10,LOW,0
fifth avenue collection handmade jewellery,10,,
for you jewelry handmade,10,LOW,11
fortunate wanderer handmade jewelry,10,,
funky handmade jewelry,10,HIGH,100
galaxy polymer clay earrings,10,MEDIUM,60
german handmade jewelry,10,HIGH,100
glitter clay earrings,10,LOW,11
goupi handmade jewelry,10,HIGH,100
gypsy handmade jewelry,10,MEDIUM,64
hand forged gold hoop earrings,10,,
hand forged silver rings,10,HIGH,100
hand hammered copper earrings,10,,
hand made anklet,10,HIGH,83
hand made beaded earrings,10,HIGH,90
hand made beaded necklace,10,HIGH,100
hand made chain design,10,LOW,0
hand made choker,10,LOW,0
hand made copper jewelry,10,LOW,0
hand made crystal necklace,10,HIGH,100
hand made earrings design,10,HIGH,100
hand made friendship band,10,,
hand made glass jewelry,10,,
hand made gold chain design,10,HIGH,100
hand made gold ring design,10,,
hand made jewellery design,10,HIGH,100
hand made jewellery making,10,,
hand made jhumka,10,,
hand made mangalsutra,10,,
hand made masonic rings,10,,
hand made mens jewelry,10,HIGH,100
hand made native american jewelry,10,LOW,0
hand made rings for men,10,HIGH,100
hand made silver pendants,10,HIGH,100
hand made stone jewelry,10,,
hand made thread jewellery,10,LOW,0
hand made turquoise jewelry,10,HIGH,71
hand made wire rings,10,HIGH,67
hand made wood rings,10,,
hand making necklace,10,LOW,29
hand painted clay earrings,10,LOW,0
hand painted fabric earrings,10,LOW,0
hand painted fabric jewellery,10,LOW,0
hand painted polymer clay earrings,10,HIGH,100
hand painted wooden jewellery,10,MEDIUM,48
hand tooled leather earrings,10,HIGH,96
hand woven beaded bracelets,10,HIGH,100
hand woven friendship bracelets,10,HIGH,100
hand woven necklace,10,HIGH,97
handcrafted artisan jewelry near me,10,,
handcrafted bracelets for sale,10,HIGH,100
handcrafted celtic jewelry,10,MEDIUM,50
handcrafted chain,10,LOW,0
handcrafted choker,10,LOW,0
handcrafted custom ring,10,,
handcrafted dk,10,,
handcrafted earrings for sale,10,,
handcrafted earrings online,10,HIGH,100
handcrafted gems,10,,
handcrafted gold bracelets,10,HIGH,100
handcrafted hoop earrings,10,HIGH,100
handcrafted hoops,10,HIGH,100
handcrafted jewellery set,10,,
handcrafted jewelry stores near me,10,HIGH,100
handcrafted leather earrings,10,MEDIUM,42
handcrafted locket,10,,
handcrafted metal earrings,10,,
handcrafted metal jewelry,10,HIGH,100
handcrafted natural stone jewelry,10,HIGH,86
handcrafted sterling jewelry,10,HIGH,100
handicraft necklace,10,LOW,0
handmade abalone jewelry,10,HIGH,100
handmade adjustable bracelet,10,HIGH,100
handmade adjustable rings,10,HIGH,100
handmade amber earrings,10,HIGH,100
handmade amber jewellery,10,HIGH,81
handmade animal bone jewelry,10,,
handmade animal jewelry,10,,
handmade anklet design,10,LOW,32
handmade anklet with thread,10,HIGH,100
handmade antique jewellery,10,MEDIUM,35
handmade artisan bracelets,10,HIGH,100
handmade artisan engagement rings,10,HIGH,100
handmade artisan necklaces,10,LOW,0
handmade assamese jewellery,10,LOW,0
handmade bamboo jewellery,10,MEDIUM,36
handmade band rings,10,HIGH,67
handmade bangle bracelet,10,HIGH,91
handmade bangles with thread,10,MEDIUM,50
handmade beach bracelets,10,HIGH,89
handmade beaded anklets for women,10,,
handmade beaded bracelets for sale,10,HIGH,100
handmade beaded choker,10,HIGH,92
handmade beaded jewelry for sale,10,HIGH,75
handmade beads for jewelry,10,,
handmade beads for you,10,,
handmade bengali jewellery,10,LOW,0
handmade biker jewelry,10,,
handmade birthstone bracelets,10,HIGH,100
handmade black thread anklet,10,HIGH,100
handmade bracelet for boyfriend,10,MEDIUM,64
handmade bracelet with thread and beads,10,HIGH,81
handmade bracelets amazon,10,,
handmade bracelets wholesale,10,HIGH,100
handmade bridesmaid jewelry,10,HIGH,100
handmade buddhist bracelet,10,MEDIUM,57
handmade butterfly jewelry,10,HIGH,100
handmade by heroes bracelets,10,HIGH,75
handmade cabochons,10,,
handmade cameo jewelry,10,MEDIUM,45
handmade cardboard earrings,10,HIGH,67
handmade cartilage earrings,10,,
handmade cat eye necklace,10,,
handmade cat jewelry,10,HIGH,100
handmade celtic rings,10,LOW,14
handmade celtic wedding bands,10,,
handmade chakra jewelry,10,HIGH,85
handmade chandbali earrings,10,LOW,0
handmade cherokee jewelry,10,HIGH,100
handmade childrens jewellery,10,,
handmade choker design,10,,
handmade choker set,10,,
handmade christmas necklaces,10,,
handmade christmas ring,10,,
handmade chunky necklaces,10,HIGH,100
handmade clay rings,10,LOW,4
handmade cocktail ring,10,,
handmade coin necklace,10,HIGH,83
handmade colorful earrings,10,HIGH,100
handmade coral necklace,10,HIGH,100
handmade cord bracelets,10,,
handmade cotton ball jewellery,10,,
handmade cotton bracelets,10,LOW,12
handmade cotton earrings,10,,
handmade cotton jewellery,10,,
handmade couple bracelets,10,HIGH,100
handmade cross bracelet,10,HIGH,100
handmade cross earrings,10,HIGH,100
handmade cross jewelry,10,HIGH,100
handmade crystal beads necklace,10,HIGH,100
handmade crystal pendant,10,HIGH,86
handmade damascus rings,10,MEDIUM,43
handmade dangling beads,10,,
handmade deer antler rings,10,HIGH,100
handmade designer earrings,10,,
handmade designer rings,10,,
handmade designer silver bracelets,10,,
handmade durga jewellery,10,,
handmade durga necklace,10,LOW,0
handmade earrings at home,10,HIGH,100
handmade earrings business,10,,
handmade earrings clay,10,,
handmade earrings making,10,,
handmade earrings with paper,10,LOW,7
handmade earrings with thread,10,HIGH,100
handmade emerald jewelry,10,HIGH,100
handmade engagement ring plate,10,HIGH,100
handmade fabric choker,10,LOW,0
handmade fabric earrings design,10,MEDIUM,50
handmade fabric finger ring,10,LOW,0
handmade fabric jewellery design,10,HIGH,100
handmade fabric jewellery earrings,10,,
handmade fabric necklace,10,MEDIUM,59
handmade fashion earrings,10,HIGH,100
handmade feather necklace,10,HIGH,88
handmade finger ring,10,LOW,27
handmade fingerprint jewelry,10,,
handmade floral jewellery,10,HIGH,100
handmade flower jewellery,10,HIGH,100
handmade gamcha jewellery,10,LOW,0
handmade garnet jewelry,10,HIGH,100
handmade garnet ring,10,HIGH,100
handmade gemstone,10,HIGH,92
handmade gents ring design in silver with stone,10,,
handmade gold bands,10,HIGH,100
handmade gold bangle,10,HIGH,100
handmade gold bangles design,10,,
handmade gold chain design for men,10,,
handmade gold chain for ladies,10,,
handmade gold chains for men,10,,
handmade gold cross,10,HIGH,100
handmade gold cross pendant,10,HIGH,100
handmade gold earrings design,10,LOW,0
handmade gold necklace design,10,LOW,21
handmade gold ring design,10,MEDIUM,50
handmade gold wire bracelets,10,,
handmade gota jewellery,10,,
handmade gota patti jewellery,10,,
handmade halloween jewelry,10,HIGH,89
handmade hand painted jewelry,10,,
handmade healing crystal jewelry,10,LOW,0
handmade healing jewelry,10,HIGH,100
handmade heart bracelet,10,HIGH,100
handmade heart pendant,10,LOW,0
handmade heart ring,10,HIGH,100
handmade honduran jewelry,10,,
handmade horse jewelry,10,HIGH,100
handmade indian bangles,10,HIGH,100
handmade indian bracelets,10,,
handmade indian earrings,10,HIGH,100
handmade infinity bracelet,10,,
handmade jamaican jewelry,10,HIGH,80
handmade jewellery at home,10,HIGH,91
handmade jewellery bangles,10,,
handmade jewellery choker,10,LOW,0
handmade jewellery clay,10,MEDIUM,56
handmade jewellery collection,10,LOW,7
handmade jewellery fabric,10,LOW,0
handmade jewellery for mehndi,10,HIGH,67
handmade jewellery for navratri,10,,
handmade jewellery items,10,LOW,0
handmade jewellery lake district,10,,
handmade jewellery making at home,10,MEDIUM,50
handmade jewellery new collection,10,,
handmade jewellery new design,10,,
handmade jewellery online shopping,10,,
handmade jewellery sale online,10,,
handmade jewelry chest,10,HIGH,100
handmade jewelry designers sterling silver,10,HIGH,100
handmade jewelry findings,10,MEDIUM,55
handmade jewelry for mom,10,,
handmade jewelry manufacturer,10,LOW,0
handmade jewelry on sale,10,HIGH,100
handmade jewish jewelry,10,MEDIUM,41
handmade jhumka,10,MEDIUM,33
handmade jhumka earrings,10,LOW,0
handmade judaica jewelry,10,,
handmade jute earrings,10,LOW,2
handmade jute jewellery,10,MEDIUM,50
handmade jute necklace,10,LOW,0
handmade knot bracelet,10,HIGH,67
handmade kori earrings,10,,
handmade kori jewellery,10,LOW,0
handmade kori necklace,10,LOW,0
handmade krishna jewellery,10,,
handmade kundan earrings,10,HIGH,100
handmade kundan jewellery,10,HIGH,100
handmade lampwork beads for sale,10,HIGH,100
handmade lariat necklace,10,,
handmade leaf earrings,10,MEDIUM,43
handmade leather wrap bracelets,10,,
handmade link bracelets,10,,
handmade long earrings,10,HIGH,78
handmade macrame bracelets,10,HIGH,100
handmade macrame earrings,10,HIGH,95
handmade macrame jewelry,10,LOW,0
handmade magnetic bracelets,10,HIGH,100
handmade magnetic jewelry,10,LOW,0
handmade mala design,10,MEDIUM,50
handmade mala necklace,10,HIGH,71
handmade mangalsutra at home,10,LOW,0
handmade medical bracelet,10,,
handmade mehndi jewellery,10,LOW,0
handmade memorial jewelry,10,HIGH,100
handmade men's beaded bracelets,10,,
handmade mens earrings,10,HIGH,100
handmade mens gold rings,10,HIGH,100
handmade mens leather cuff bracelets,10,,
handmade mens pendants,10,,
handmade metal beads,10,HIGH,100
handmade metal necklace,10,HIGH,95
handmade mexican rings,10,,
handmade minimal jewelry,10,,
handmade mixed metal earrings,10,HIGH,100
handmade moissanite ring,10,HIGH,100
handmade moonstone necklace,10,HIGH,100
handmade morganite ring,10,HIGH,100
handmade mothers rings,10,,
handmade moti bracelet design,10,MEDIUM,49
handmade moti earrings,10,LOW,0
handmade moti jewellery,10,,
handmade moti necklace,10,LOW,0
handmade mushroom earrings,10,HIGH,92
handmade naga traditional jewellery,10,HIGH,93
handmade native american beaded earrings,10,HIGH,100
handmade native jewelry,10,LOW,0
handmade natural gemstone jewelry,10,LOW,0
handmade navratri jewellery,10,HIGH,100
handmade navratri necklace,10,LOW,21
handmade necklace maa durga jewellery,10,,
handmade necklace near me,10,HIGH,100
handmade necklace set,10,MEDIUM,57
handmade necklace with name,10,,
handmade necklace with thread,10,LOW,25
handmade necklaces for sale,10,HIGH,67
handmade norse jewelry,10,HIGH,100
handmade nose jewelry,10,,
handmade opal engagement rings,10,LOW,0
handmade oxidised earrings,10,LOW,0
handmade oxidised necklace,10,,
handmade pagan jewellery,10,LOW,4
handmade pearl choker,10,MEDIUM,64
handmade pearl drop earrings,10,LOW,19
handmade pendant for men,10,HIGH,100
handmade pendants for men,10,HIGH,100
handmade personalised bracelets,10,HIGH,100
handmade platinum engagement rings,10,,
handmade platinum ring,10,HIGH,100
handmade polymer earrings,10,HIGH,100
handmade porcelain beads,10,HIGH,79
handmade quilling earrings,10,,
handmade real flower jewellery,10,,
handmade rings for sale,10,,
handmade rope necklace,10,HIGH,100
handmade rose gold earrings,10,HIGH,100
handmade rose gold jewellery,10,HIGH,100
handmade rose gold rings,10,HIGH,100
handmade rose quartz necklace,10,LOW,0
handmade rose quartz ring,10,MEDIUM,60
handmade ruby necklace,10,HIGH,100
handmade sapphire necklace,10,HIGH,100
handmade semi precious jewellery,10,LOW,0
handmade septum ring,10,HIGH,100
handmade silk thread earrings,10,,
handmade silk thread jewellery,10,,
handmade silk thread necklace,10,,
handmade silver and gold rings,10,,
handmade silver dangle earrings,10,HIGH,100
handmade silver engagement rings,10,HIGH,77
handmade silver gemstone rings,10,HIGH,75
handmade silver link bracelet,10,HIGH,100
handmade silver pendant necklace,10,MEDIUM,60
handmade silver ring design,10,HIGH,100
handmade silver studs,10,,
handmade silver turquoise jewelry,10,,
handmade silver wedding bands,10,HIGH,67
handmade silver wedding rings,10,HIGH,67
handmade simple jewelry,10,LOW,0
handmade skull jewelry,10,,
handmade small earrings,10,HIGH,97
handmade snowman earrings,10,,
handmade south african jewellery,10,HIGH,100
handmade southwest jewelry,10,HIGH,100
handmade stainless steel rings,10,HIGH,100
handmade star earrings,10,HIGH,100
handmade star of david necklace,10,,
handmade statement rings,10,HIGH,100
handmade sterling bracelets,10,HIGH,100
handmade sterling chain,10,HIGH,100
handmade sterling silver and gemstone jewelry,10,,
handmade sterling silver art jewelry,10,,
handmade sterling silver cross pendants,10,HIGH,70
handmade sterling silver cuff bracelet,10,HIGH,74
handmade sterling silver ear cuffs,10,,
handmade sterling silver stud earrings,10,LOW,23
handmade sterling silver wedding bands,10,HIGH,75
handmade stone beads,10,HIGH,100
handmade stone bracelets,10,HIGH,100
handmade stone pendants,10,,
handmade studs,10,,
handmade sunflower necklace,10,,
handmade sustainable jewellery,10,,
handmade tassel earrings,10,LOW,13
handmade temple jewellery,10,LOW,0
handmade terracotta earrings,10,LOW,0
handmade terracotta jewellery,10,,
handmade thor's hammer pendant,10,,
handmade traditional jewellery,10,LOW,0
handmade tree of life necklace,10,MEDIUM,62
handmade tree of life pendant,10,LOW,31
handmade tribal jewellery,10,HIGH,80
handmade tungsten ring,10,,
handmade tungsten wedding bands,10,,
handmade turtle necklace,10,HIGH,100
handmade victorian jewelry,10,HIGH,100
handmade viking bracelet,10,LOW,0
handmade vintage rings,10,HIGH,100
handmade wedding bands for women,10,HIGH,100
handmade wedding ring sets,10,,
handmade western earrings,10,LOW,0
handmade white gold jewellery,10,HIGH,100
handmade wire name necklace,10,HIGH,100
handmade wire rings with stones,10,HIGH,68
handmade with love necklace,10,HIGH,75
handmade wool earrings,10,HIGH,93
handmade woolen bracelet,10,,
handmade woolen jewellery,10,,
handwork earrings,10,,
handwork jewellery,10,LOW,29
handwork necklace,10,,
harmoniously handcrafted silver,10,LOW,0
heart bracelet handmade,10,LOW,14
home made jewellery business,10,,
home made jewellery design,10,HIGH,100
homemade bracelet for boyfriend,10,MEDIUM,44
homemade clay jewelry,10,MEDIUM,48
homemade crystal jewelry,10,LOW,0
homemade earring design,10,HIGH,100
homemade earring set,10,LOW,0
homemade earrings clay,10,,
homemade earrings easy,10,MEDIUM,50
homemade earrings with thread,10,LOW,0
homemade egyptian jewellery,10,LOW,0
homemade flower jewellery,10,MEDIUM,50
homemade flower necklace,10,MEDIUM,46
homemade gold jewelry,10,LOW,14
homemade jewellery design,10,MEDIUM,41
homemade jewellery set,10,HIGH,82
homemade jewelry beads,10,HIGH,80
homemade jewelry for sale online,10,HIGH,100
homemade jewelry prices,10,LOW,7
homemade jewelry store,10,MEDIUM,39
homemade jhumka,10,,
homemade kundan jewellery,10,,
homemade leather earrings,10,HIGH,100
homemade men's jewelry,10,LOW,3
homemade mens rings,10,LOW,0
homemade metal jewelry,10,LOW,7
homemade native american jewelry,10,HIGH,100
homemade necklace beads,10,HIGH,100
homemade necklace design,10,,
homemade necklace for guy,10,,
homemade necklace set,10,,
homemade necklaces with beads,10,HIGH,100
homemade pearl necklace,10,HIGH,94
homemade polymer clay earrings,10,HIGH,80
homemade resin jewelry,10,HIGH,84
homemade rings for sale,10,LOW,14
homemade silver earrings,10,HIGH,100
homemade stud,10,LOW,0
homemade stud earrings,10,MEDIUM,64
homemade wire earrings,10,HIGH,86
homemade wooden earrings,10,HIGH,100
huong handmade jewelry,10,LOW,24
idan handcrafted jewelry,10,MEDIUM,57
independent handmade jewellery,10,HIGH,100
iranian handmade jewelry,10,HIGH,100
irini handmade jewelry,10,LOW,0
israeli artisan jewelry,10,HIGH,100
iveri handmade jewelry,10,LOW,0
jade polymer clay earrings,10,,
japanese handmade earrings,10,HIGH,100
jaz hand made jewellery,10,MEDIUM,50
jaz handmade jewellery,10,HIGH,100
jeka bracelets,10,,
jenns handmade jewelry,10,,
jewellery home made,10,LOW,24
jewelry earrings handmade,10,LOW,0
jhumka handmade earrings,10,,
jilzarah premium clay beads,10,HIGH,67
joy handmade jewelry,10,,
juno handmade jewelry,10,LOW,14
jute handmade jewellery,10,HIGH,100
kelitch friendship bracelet,10,HIGH,100
kelitch wrap bracelets,10,LOW,0
kingdom handmade jewelry,10,,
korean handmade bracelets,10,,
krinaki handmade jewelry,10,LOW,0
krinaki jewellery,10,,
krishna necklace handmade,10,,
kundan handmade jewellery,10,,
lampwork bead necklaces handmade,10,HIGH,100
lampwork mushroom beads,10,HIGH,83
lan anh handmade jewelry,10,MEDIUM,52
latest handmade earrings,10,LOW,0
latest handmade jewellery,10,LOW,0
latest handmade jewellery design,10,LOW,0
lemonade handmade jewelry,10,,
lily handmade jewelry,10,LOW,0
little seed handmade jewellery,10,,
lobes handmade studs,10,,
local handmade earrings,10,HIGH,100
locket hand crafted,10,,
long handmade earrings,10,HIGH,78
lovely handmade jewellery,10,,
lucky tibetan bracelet,10,HIGH,100
lucy handmade jewelry,10,,
luxury handmade fashion jewelry,10,,
maa durga handmade jewellery,10,,
making handmade earrings,10,HIGH,92
making homemade earrings,10,HIGH,92
making unique jewelry,10,MEDIUM,66
maya handmade jewelry,10,HIGH,100
meraki handmade jewelry,10,,
mercari handmade jewelry,10,,
mevecco layered heart necklace,10,MEDIUM,50
mexican bracelets handmade,10,HIGH,100
mixed metal earrings handmade,10,HIGH,100
moni handmade jewellery,10,,
monooc handmade with love,10,LOW,0
most popular handmade jewelry,10,HIGH,100
my handmade jewellery,10,,
navajo handmade silver beads,10,,
navratri handmade jewellery,10,,
navratri jewellery handmade,10,,
necklace design handmade,10,HIGH,100
necklace hand made,10,HIGH,83
new design handmade jewellery,10,,
new handmade earrings,10,,
new handmade jewellery,10,,
new handmade jewellery design,10,,
ninfa earrings,10,HIGH,100
ninfa handmade earrings,10,,
ninfa handmade jewelry,10,HIGH,100
oak handmade jewelry,10,,
ombre polymer clay earrings,10,LOW,29
opus 4 handmade jewelry,10,,
original handcrafted jewelry,10,,
original handmade jewelry,10,HIGH,100
pavaruni galaxy pendant,10,HIGH,100
pavaruni galaxy pendant necklace,10,,
pavaruni original galaxy pendant necklace,10,,
peach polymer clay earrings,10,LOW,0
pearl necklace homemade,10,HIGH,100
pelegrina handmade pearl jewelry,10,,
personalized handmade bracelets,10,HIGH,100
petra handmade jewellery,10,,
pineapple clay earrings,10,HIGH,94
pineapple polymer clay earrings,10,MEDIUM,51
plant clay earrings,10,MEDIUM,60
plant polymer clay earrings,10,HIGH,100
polymer clay pumpkin pie earrings,10,MEDIUM,50
popular handmade bracelets,10,HIGH,100
pretty handmade jewelry,10,MEDIUM,50
pretty serendipity handmade jewellery,10,,
pricing your handmade jewelry,10,,
pride polymer clay earrings,10,HIGH,67
pumpkin pie clay earrings,10,,
quartz clay earrings,10,,
rachel wilder handmade jewelry,10,,
red handmade bracelets,10,HIGH,100
red handmade jewellery,10,,
regina handmade jewelry,10,,
reindeer polymer clay earrings,10,,
resin handmade jewellery,10,HIGH,100
ring hand made,10,HIGH,100
ronaldo handmade jewelry,10,LOW,21
sapanyu handmade jewelry,10,MEDIUM,43
selling handmade jewelry on ebay,10,LOW,20
selling handmade jewelry on etsy,10,LOW,10
selling handmade jewelry wholesale,10,,
semi precious necklaces handmade,10,,
shopify handmade jewelry,10,HIGH,100
silvana handmade jewelry,10,,
silver crafted jewellery,10,HIGH,100
silver hand made rings,10,LOW,25
silver wire rings handmade,10,MEDIUM,48
simple handmade bracelets,10,HIGH,100
simple handmade earrings,10,HIGH,100
simple handmade engagement rings,10,MEDIUM,60
simple handmade jewellery,10,HIGH,100
simple handmade necklace,10,LOW,0
simple handmade rings,10,HIGH,100
simple homemade jewelry,10,HIGH,100
small business handmade jewelry,10,HIGH,100
so cute handmade jewelry,10,,
speckled polymer clay earrings,10,HIGH,100
sri durga handmade jewellery,10,,
sunset polymer clay earrings,10,HIGH,100
sunwest silver handmade jewelry,10,LOW,21
surface handmade jewelry,10,,
tibetan braided bracelets,10,MEDIUM,62
tibetan buddhist knot bracelet,10,HIGH,93
tibetan buddhist lucky knot bracelet,10,HIGH,100
tibetan copper beads bracelet original,10,,
tibetan woven bracelet,10,HIGH,86
top selling handmade jewelry,10,HIGH,83
traditional handmade jewellery,10,LOW,0
traditional navratri jewellery handmade,10,,
trendy handmade earrings,10,HIGH,100
tribal necklace handmade,10,,
tumble finishing for handmade jewelry,10,LOW,7
turkish artisan jewelry,10,HIGH,100
turkish handmade earrings,10,HIGH,100
turkish handmade jewelry wholesale,10,HIGH,71
turkish handmade ring,10,,
turkish handmade silver rings,10,,
unicorn polymer clay earrings,10,LOW,0
unique artisan rings,10,,
unique bespoke jewellery,10,,
unique handcrafted beaded jewelry,10,HIGH,100
unique handcrafted jewellery store,10,,
unique handcrafted rings,10,LOW,0
unique handmade artisan jewelry,10,,
unique handmade beaded bracelets,10,,
unique handmade beaded jewelry,10,HIGH,100
unique handmade jewellery design,10,HIGH,93
unique handmade mens jewelry,10,HIGH,100
unique handmade silver necklaces,10,,
unique jewelry earrings,10,HIGH,100
unique jewelry for sale,10,HIGH,100
unusual handmade earrings,10,,
veers handmade jewellery,10,,
ventus handmade jewelry,10,LOW,4
vintage clay earrings,10,HIGH,89
vintage handmade rings,10,HIGH,100
watercolor clay earrings,10,HIGH,100
watermelon polymer clay earrings,10,HIGH,90
white handmade earrings,10,,
wholesale handmade jewelry usa,10,HIGH,100
wholesale handmade mexican jewelry,10,,
with these rings handmade,10,MEDIUM,64
women jewelry handmade,10,,
zaras handmade jewelry,10,,
zaya handmade jewelry,10,HIGH,100
zeta handmade jewelry,10,,
jeulia artisan jewelry,10,HIGH,100
jtv artisan of bali new arrivals,10,LOW,10
love and crafted necklace,10,HIGH,100
jtv artisan of bali jewelry,10,HIGH,100
solid silver handmade jewellery,10,,
artisan of bali bracelets,10,HIGH,84
jtv artisan of bali bangle bracelets,10,,
artisan of bali jewelry collection,10,HIGH,71
artisan pearl jewelry,10,HIGH,100
artisan of bali janyl sherman,10,MEDIUM,48
artisan of bali rings,10,,
artisan gemstone jewelry,10,HIGH,100
artisan mens wedding bands,10,HIGH,100
jtv bali,10,HIGH,100
jtv artisan of bali rings,10,,
artisan bracelets jewelry,10,HIGH,100
jtv bali collection,10,HIGH,86
jtv bali bracelets,10,HIGH,71
james avery artisan jewelry products,10,LOW,0
jtv connemara marble,10,LOW,0
leo artisan diamond,10,HIGH,100
genuine indian handcrafted sterling silver wholesale,10,MEDIUM,60
handmade fossil jewellery,10,LOW,0
jtv artisan of bali jewelry collection,10,,
local jewelry artisans,10,HIGH,91
sarda artisan of bali,10,LOW,0
artizan joyeria discount,10,HIGH,100
artisan antler rings,10,,
jtv artisan of bali pendants,10,,
artisan collection of bali bracelets,10,,
artisan jewelry usa,10,HIGH,100
flatwearable artisan jewelry online store,10,LOW,0
qvc artisan crafted jewelry,10,HIGH,100
artisan beaded jewelry,10,HIGH,100
artisan jewelry by samuel b,10,HIGH,100
jtv bali bangle bracelet,10,HIGH,100
shophq samuel b,10,HIGH,100
abundantly artisan blue bracelet,10,LOW,14
albuquerque artisan black necklace,10,LOW,0
amore artisan jewelry,10,,
artisan abode silver necklace,10,LOW,0
artisan adventure blue necklace,10,,
artisan ancestry black bracelet,10,,
artisan ancestry orange bracelet,10,,
artisan apparatus gold earrings,10,MEDIUM,43
artisan aquamarine ring,10,HIGH,100
artisan arbor brass post earring,10,MEDIUM,43
artisan arbor silver post earrings,10,,
artisan attitude black hoop earrings,10,,
artisan brooches,10,HIGH,100
artisan collection jewelry,10,MEDIUM,57
artisan collection of bali jewelry,10,HIGH,67
artisan collection of bali necklaces,10,,
artisan collection of bali on jtv,10,HIGH,100
artisan collection of bali rings,10,,
artisan crafted silver jewelry,10,,
artisan design jewelry,10,,
artisan designer jewelry,10,HIGH,100
artisan diamond jewelry,10,HIGH,100
artisan earrings mixed metal,10,,
artisan exhibition brass bracelet,10,HIGH,100
artisan exhibition copper bracelet,10,,
artisan gemstone engagement rings,10,,
artisan gemstones,10,MEDIUM,50
artisan glass bracelet,10,HIGH,80
artisan hoop earrings,10,HIGH,100
artisan jewelry by erica gooding,10,LOW,21
artisan jewelry columbia mall,10,LOW,25
artisan jewelry earrings,10,HIGH,100
artisan jewelry findings,10,HIGH,100
artisan made rings,10,HIGH,100
artisan manufacturing jewellers,10,,
artisan metal jewelry,10,MEDIUM,43
artisan of bali collection,10,HIGH,71
artisan of bali earrings,10,,
artisan of bali janyl,10,LOW,0
artisan of bali jewelry jtv,10,HIGH,100
artisan of bali jewelry on jtv,10,,
artisan of bali on jtv,10,HIGH,100
artisan of bali pendants,10,,
artisan opal jewelry,10,HIGH,100
artisan owl jewelry,10,HIGH,76
artisan pearl earrings,10,HIGH,67
artisan pearl rings,10,,
artisan relic silver earring,10,,
artisan ring makers,10,MEDIUM,57
artisan sapphire ring,10,HIGH,100
artisan's fine jewelry arundel mills,10,LOW,0
artisana jewelry,10,HIGH,100
artisanal abundance multi necklace,10,LOW,0
artisanal abundance orange necklace,10,,
artisans fine jewelry columbia mall,10,LOW,0
artisans gems and jewels,10,,
authentically artisan multi bracelet,10,LOW,0
aziza handcrafted jewelry,10,HIGH,71
bora handcrafted jewelry website,10,HIGH,100
brites custom handcrafted jewelry,10,,
choker necklace handmade,10,HIGH,100
clay handmade jewelry,10,LOW,0
creative habits artisan jewelry,10,,
dima handcrafted jewellery,10,,
eclipse designs artisan jewelry,10,MEDIUM,55
ely artisan's jewelry,10,,
ely artisans jewelry,10,LOW,8
emmanuela handcrafted,10,LOW,14
emmanuela handcrafted for you,10,LOW,0
entoto jewelry,10,,
flatwearable online store,10,LOW,5
flatwearable wire weaver,10,LOW,0
flix handcrafted jewellery,10,,
genuine incolay stone handcrafted,10,,
genuine indian handcrafted sterling silver earrings,10,HIGH,75
handcrafted boho jewelry,10,HIGH,100
handcrafted horse hair bracelets,10,LOW,11
handicraft jewellery online,10,,
handmade artificial jewellery,10,LOW,0
handmade chain design,10,LOW,0
handmade earrings designs unique,10,,
handmade earrings wholesale,10,HIGH,100
handmade gold chain design,10,HIGH,100
handmade jewelry that sells well,10,MEDIUM,66
i spy artisan jewelry,10,LOW,9
inartisan jewellery,10,,
irish artisan jewelry,10,HIGH,100
james avery artisan jewelry headquarters,10,LOW,0
james avery curbside pickup,10,LOW,14
janyl sherman jtv,10,LOW,14
jewelry artisans perimeter,10,LOW,8
jtv artisan,10,,
jtv artisan bali jewelry,10,HIGH,100
jtv artisan bali rings,10,HIGH,100
jtv artisan collection of bali pendants,10,,
jtv artisan collection of bali rings,10,HIGH,100
jtv artisan collection of turkey,10,HIGH,98
jtv artisan jewelry,10,HIGH,92
jtv artisan of bali chains,10,,
jtv artisan of bali collection,10,,
jtv artisan of bali earrings,10,,
jtv artisan of bali necklaces,10,,
jtv artisan of bali show,10,,
jtv bali artisan collection,10,LOW,29
jtv bali artisan jewelry,10,,
jtv bali earrings,10,,
jtv janyl sherman,10,,
julia artisan jewelry,10,HIGH,100
l&s handcrafted jewellery,10,,
leo diamond artisan ring,10,,
luju handcrafted jewelry,10,,
luketti handcrafted jewelry,10,HIGH,100
luxesmith handcrafted jewellery,10,HIGH,100
margie cedrone artisan jewelry,10,LOW,11
mexican silver artisan jewelry,10,HIGH,100
modern artisan jewelry,10,HIGH,86
nastava artisan jewelry,10,,
native american artisan jewelry,10,HIGH,88
noa handcrafted jewellery,10,,
powers handcrafted jewelry,10,LOW,0
quicksilver handcrafted jewelry,10,,
qvc artisan jewelry,10,HIGH,100
robin miller artisan jewelry,10,LOW,0
samuel b artisan jewelry,10,HIGH,100
selena artisan jewelry,10,LOW,0
selena artisans jewelry,10,LOW,0
silver forest handcrafted earrings,10,HIGH,100
silver forest handcrafted jewelry,10,HIGH,100
silver jewelry artisans,10,HIGH,71
silver stone handcrafted,10,LOW,6
the ring artisan,10,LOW,0
unusual handmade jewellery,10,HIGH,100
urban artisan copper necklace,10,LOW,0
urban artisan silver necklace,10,,
vintage artisan jewelry,10,MEDIUM,52
zd artisan jewelry etsy,10,HIGH,80
handmade joy hug ring,0,,
handmade tasmanian jewellery,0,,
handmade jewelry 2022,0,,
20k gold earrings ear stud handmade jewelry traditional design,0,,
22 k gold choker necklace fine handmade jewelry,0,,
24k solid gold ring wedding band handmade sachi,0,,
5 handmade friendship bracelets,0,,
alfa handmade jewelry,0,,
aminik handmade jewellery,0,,
aura handmade jewellery,0,,
bespoke jewellery made to order,0,,
cat and kai handmade jewelry,0,,
crafted necklace & earrings silver cubic zirconia,0,,
dee artist handmade jewelry,0,,
devon handmade jewellery,0,,
flower jewellery handmade,0,,
ganelli jewelry & handmade,0,,
hand made bangles with silk thread,0,,
hand made jewellery 2022,0,,
hand made jewellery business,0,,
handmade african inspired resin jewellery,0,,
handmade bracelets by mady,0,,
handmade candice beaded bold ring,0,,
handmade costume necklaces,0,,
handmade daisy dangle polymer clay earrings,0,,
handmade designer wedding rings,0,,
handmade dragon chain bracelet,0,,
handmade gemstones necklace set,0,,
handmade gold wire wrapped rings with gemstones,0,,
handmade irish wedding rings,0,,
handmade jewellery 2022,0,,
handmade jewelry milano,0,,
handmade meaningful necklaces & pendants in silver,0,,
handmade necklace online,0,,
handmade platinum jewellery,0,,
handmadejoy in rings,0,,
handwoven kazaz bracelets online,0,,
juvex handmade jewelry,0,,
korola handmade jewelry,0,,
libelula handmade jewelry,0,,
lime handmade jewellery,0,,
lime handmade jewelry,0,,
lina's exclusive handmade jewelry,0,,
loti handmade jewelry,0,,
lucky handmade tibetan buddhist bracelet,0,,
lydia tsai handmade jewelry,0,,
m jewels handmade,0,,
moh handmade jewellery,0,,
monzo handmade jewelry,0,,
new design earrings handmade,0,,
ns handmade jewelry,0,,
premium handcrafted fashion jewellery,0,,
smile handmade jewellery cy,0,,
sonord handmade jewelry,0,,
soumar handmade jewelry,0,,
swetelove handmade 4.0 ct princess cut sterling silver ring,0,,
swetelove handmade gold plating dragon design men's ring,0,,
traditional design 20kt gold necklace choker handmade,0,,
traditional design 22kt gold necklace handmade,0,,
trending handmade jewelry 2022,0,,
wholesale silver handmade necklaces,0,,
zara clay earrings,0,,
artisan birthstone engagement rings,0,,
artisan made diamonds,0,,
business flatwearable artisan jewelry,0,,
forlovelsesring handcrafted,0,,
handcrafted tungsten wedding bands,0,,
handicraft earrings online,0,,
handicraft jewellery online shopping,0,,
jacobs handcrafted jewellery collection,0,,
jamesavery dutecove,0,,
jamesavery dutecove shop,0,,
jasmine ring handcrafted,0,,
jtv artisan collection of bali necklace,0,,
pandora us handcrafted jewelry 2022 collection,0,,
tj handcrafted jewellery,0,,
tj handcrafted jewellery store,0,,
handmade statement ring,0,,
