keyword,us_volume,competition,comp_index,category
amber teething necklace,12100,HIGH,100,TEETHING(excl)
amber beads for teething,12100,HIGH,100,TEETHING(excl)
infant amber teething necklace,12100,HIGH,100,TEETHING(excl)
amber necklace and teething,12100,HIGH,100,TEETHING(excl)
amber jewelry,8100,HIGH,100,COMMERCIAL
baltic amber jewelry,6600,HIGH,75,COMMERCIAL
teething necklace,6600,HIGH,100,TEETHING(excl)
natural amber jewelry,6600,HIGH,75,COMMERCIAL
amber with fossil,5400,HIGH,72,COMMERCIAL
amber necklace,4400,HIGH,100,COMMERCIAL
necklace with amber,4400,HIGH,100,COMMERCIAL
cherry amber,3600,LOW,6,COMMERCIAL
amer jewelry,3600,HIGH,97,COMMERCIAL
necklaces for infants,2400,HIGH,100,TEETHING(excl)
amber ring,1900,HIGH,100,COMMERCIAL
baltic amber necklace,1900,HIGH,100,COMMERCIAL
natural amber necklace,1900,HIGH,100,COMMERCIAL
ring amber,1900,HIGH,100,COMMERCIAL
ring with amber,1900,HIGH,100,COMMERCIAL
amber earrings,1300,HIGH,100,COMMERCIAL
amber bracelet,1300,HIGH,100,COMMERCIAL
infant amber necklace,1300,HIGH,100,TEETHING(excl)
amber necklace for newborn,1300,HIGH,100,TEETHING(excl)
bracelet amber,1300,HIGH,100,COMMERCIAL
amber beads,1000,HIGH,100,COMMERCIAL
infant teething necklace,1000,HIGH,100,TEETHING(excl)
amber in jewelry,1000,HIGH,88,COMMERCIAL
amber prices,1000,LOW,11,INFO
amber stone jewelry,880,HIGH,100,COMMERCIAL
polish amber jewelry,880,HIGH,100,INFO
antique amber earrings,880,MEDIUM,40,COMMERCIAL
amber gemstone jewelry,880,HIGH,100,COMMERCIAL
amber raw,880,HIGH,95,COMMERCIAL
jewelry amber stone,880,HIGH,100,COMMERCIAL
vintage amber pendant,880,MEDIUM,59,COMMERCIAL
amber pendant,720,HIGH,100,COMMERCIAL
baltic amber teething necklace,720,HIGH,100,TEETHING(excl)
blue amber jewelry,720,HIGH,100,COMMERCIAL
amber brooch,720,LOW,32,COMMERCIAL
amber bee,720,LOW,23,COMMERCIAL
baltic amber beads for teething,720,HIGH,100,TEETHING(excl)
amber cameo,720,LOW,27,COMMERCIAL
amber shops,720,HIGH,98,COMMERCIAL
baltic amber teething jewelry,720,HIGH,100,TEETHING(excl)
natural amber teething necklace,720,HIGH,100,TEETHING(excl)
pendant amber,720,HIGH,100,COMMERCIAL
polishing amber,720,HIGH,72,INFO
sterling silver amber ring,590,HIGH,100,COMMERCIAL
how to tell if amber is real,590,LOW,9,INFO
teething beads,590,HIGH,100,TEETHING(excl)
amber bead necklace,590,HIGH,100,COMMERCIAL
johnny depp rings,590,HIGH,68,COMMERCIAL
ember jewelry,590,HIGH,96,COMMERCIAL
mens amber ring,590,HIGH,100,COMMERCIAL
vintage amber rings,590,HIGH,99,COMMERCIAL
amber and turquoise necklace,590,HIGH,100,COMMERCIAL
butterscotch amber earrings,590,MEDIUM,60,COMMERCIAL
amber and sterling silver rings,590,HIGH,100,COMMERCIAL
amber necklace beads,590,HIGH,100,COMMERCIAL
amber ring vintage,590,MEDIUM,39,COMMERCIAL
amber turquoise necklace,590,HIGH,100,COMMERCIAL
antique amber brooch,590,LOW,10,COMMERCIAL
beaded amber necklace,590,HIGH,100,COMMERCIAL
how can you tell if amber is real,590,LOW,9,INFO
how can you tell real amber,590,LOW,9,INFO
how do you know if amber is real,590,LOW,9,INFO
how do you tell if amber is real,590,LOW,9,INFO
how to know if amber is real,590,LOW,9,INFO
how to tell if amber is genuine,590,LOW,9,INFO
how to tell if real amber,590,LOW,9,INFO
tibetan amber necklace,590,LOW,25,COMMERCIAL
turquoise amber necklace,590,HIGH,100,COMMERCIAL
vintage amber brooch,590,LOW,20,COMMERCIAL
vintage amber glass necklace,590,MEDIUM,34,COMMERCIAL
amber engagement ring,480,HIGH,100,COMMERCIAL
baltic amber bracelet,480,HIGH,100,COMMERCIAL
baltic amber earrings,480,HIGH,100,COMMERCIAL
baltic amber ring,480,HIGH,90,COMMERCIAL
amber dangle earrings,480,HIGH,71,COMMERCIAL
dominican amber jewelry,480,HIGH,99,COMMERCIAL
women's amber ring,480,HIGH,100,COMMERCIAL
amber and jet necklace,480,MEDIUM,48,COMMERCIAL
natural amber bracelet,480,HIGH,100,COMMERCIAL
amber bead earrings,480,MEDIUM,34,COMMERCIAL
amber jet necklace,480,MEDIUM,48,COMMERCIAL
amber ring engagement,480,HIGH,100,COMMERCIAL
butterscotch amber pendant,480,HIGH,82,COMMERCIAL
natural amber earrings,480,HIGH,100,COMMERCIAL
natural amber ring,480,HIGH,90,COMMERCIAL
white amber necklace,480,MEDIUM,53,COMMERCIAL
amber ring for women,480,HIGH,100,COMMERCIAL
vertical bar necklace,390,HIGH,100,COMMERCIAL
teething bracelet,390,HIGH,100,TEETHING(excl)
baltic amber beads,390,HIGH,100,COMMERCIAL
real amber jewelry,390,HIGH,100,INFO
large amber pendant,390,HIGH,100,COMMERCIAL
amber stone benefits,390,LOW,20,INFO
amber and silver bracelet,390,HIGH,100,COMMERCIAL
silver amber bracelet,390,HIGH,100,COMMERCIAL
large amber ring,390,HIGH,82,COMMERCIAL
natural amber beads,390,HIGH,100,COMMERCIAL
amber clip on earrings,390,LOW,33,COMMERCIAL
vintage amber earrings,390,HIGH,81,COMMERCIAL
gold ring with amber stone,390,HIGH,80,COMMERCIAL
amber and sterling silver bracelet,390,HIGH,97,COMMERCIAL
amber bracelet sterling silver,390,HIGH,97,COMMERCIAL
amber sterling silver bracelet,390,HIGH,97,COMMERCIAL
amber's designs fine jewelry,390,HIGH,79,COMMERCIAL
art deco amber earrings,390,MEDIUM,41,COMMERCIAL
big amber pendant,390,HIGH,100,COMMERCIAL
carved amber pendant,390,LOW,29,COMMERCIAL
huge amber pendant,390,HIGH,100,COMMERCIAL
huge amber ring,390,HIGH,82,COMMERCIAL
midwest amber earrings,390,MEDIUM,43,COMMERCIAL
square amber ring,390,LOW,22,COMMERCIAL
wire wrapped amber pendant,390,LOW,25,COMMERCIAL
green amber jewelry,320,HIGH,100,COMMERCIAL
baltic amber benefits,320,HIGH,96,INFO
amber teething,320,HIGH,100,TEETHING(excl)
amber pendant necklace,320,HIGH,100,COMMERCIAL
amber stud earrings,320,HIGH,100,COMMERCIAL
amber ring silver,320,HIGH,100,COMMERCIAL
blue topaz tennis necklace,320,HIGH,100,COMMERCIAL
amber wedding ring,320,HIGH,99,COMMERCIAL
amber silver necklace,320,HIGH,100,COMMERCIAL
amber earrings gold,320,HIGH,100,COMMERCIAL
amber and gold earrings,320,HIGH,100,COMMERCIAL
amber and silver necklace,320,HIGH,100,COMMERCIAL
women's amber necklace,320,HIGH,100,COMMERCIAL
amber gold earrings,320,HIGH,100,COMMERCIAL
amber bangle,320,HIGH,100,COMMERCIAL
antique amber necklace,320,HIGH,100,COMMERCIAL
amber wedding band,320,HIGH,99,COMMERCIAL
amber and silver ring,320,HIGH,100,COMMERCIAL
amber cross pendant,320,HIGH,68,COMMERCIAL
amber necklace women's,320,HIGH,100,COMMERCIAL
sterling silver amber earrings,320,HIGH,97,COMMERCIAL
antique amber beads,320,HIGH,100,COMMERCIAL
amber and sterling silver earrings,320,HIGH,97,COMMERCIAL
amber and teething,320,HIGH,100,TEETHING(excl)
amber chip necklace,320,HIGH,97,COMMERCIAL
amber flower ring,320,MEDIUM,59,COMMERCIAL
amber nature,320,HIGH,99,COMMERCIAL
antique amber ring,320,HIGH,70,COMMERCIAL
bangle amber,320,HIGH,100,COMMERCIAL
butterscotch baltic amber,320,HIGH,81,COMMERCIAL
dominican blue amber jewelry,320,HIGH,75,COMMERCIAL
ladies amber necklace,320,HIGH,100,COMMERCIAL
raw amber jewelry,320,HIGH,88,COMMERCIAL
silver ring with amber,320,HIGH,100,COMMERCIAL
stud amber earrings,320,HIGH,100,COMMERCIAL
white amber beads,320,LOW,22,COMMERCIAL
amber teething bracelet,260,HIGH,100,TEETHING(excl)
amber necklace benefits,260,HIGH,74,INFO
amber necklace for adults,260,HIGH,100,COMMERCIAL
amber stone ring,260,HIGH,100,COMMERCIAL
amber stone necklace,260,HIGH,100,COMMERCIAL
amber scholl jewelry,260,HIGH,69,COMMERCIAL
cherry amber necklace,260,HIGH,100,COMMERCIAL
butterscotch amber necklace,260,HIGH,100,COMMERCIAL
baltic amber pendant,260,HIGH,100,COMMERCIAL
chunky amber necklace,260,HIGH,100,COMMERCIAL
amber cuff bracelet,260,HIGH,100,COMMERCIAL
red amber jewelry,260,HIGH,100,COMMERCIAL
green baltic amber,260,HIGH,92,COMMERCIAL
butterscotch amber ring,260,HIGH,80,COMMERCIAL
amber statement necklace,260,HIGH,75,COMMERCIAL
amber pearl necklace,260,HIGH,98,COMMERCIAL
dark amber necklace,260,HIGH,71,COMMERCIAL
amber and pearl necklace,260,HIGH,98,COMMERCIAL
amber and turquoise,260,MEDIUM,54,COMMERCIAL
amber bakelite beads,260,MEDIUM,44,COMMERCIAL
amber from baltic sea,260,HIGH,80,COMMERCIAL
amber silver,260,LOW,26,COMMERCIAL
amberart,260,LOW,28,COMMERCIAL
benefits of an amber necklace,260,HIGH,74,INFO
berber amber necklace,260,LOW,21,COMMERCIAL
big amber ring,260,MEDIUM,56,COMMERCIAL
butterscotch amber bakelite,260,MEDIUM,66,COMMERCIAL
butterscotch amber beads,260,HIGH,100,COMMERCIAL
carved amber ring,260,LOW,24,COMMERCIAL
cherry amber beads,260,HIGH,100,COMMERCIAL
natural amber pendant,260,HIGH,100,COMMERCIAL
necklace with amber stone,260,HIGH,100,COMMERCIAL
pearl and amber necklace,260,HIGH,98,COMMERCIAL
silver and amber,260,LOW,26,COMMERCIAL
vintage amber bracelet,260,MEDIUM,48,COMMERCIAL
vintage amber pendant necklace,260,MEDIUM,54,COMMERCIAL
teething beads necklace,210,HIGH,100,TEETHING(excl)
mens amber bracelet,210,HIGH,100,COMMERCIAL
amber ring gold,210,HIGH,100,COMMERCIAL
amber earrings silver,210,HIGH,100,COMMERCIAL
mens amber necklace,210,HIGH,100,COMMERCIAL
amber gold ring,210,HIGH,100,COMMERCIAL
vintage amber necklace,210,HIGH,99,COMMERCIAL
silver amber earrings,210,HIGH,100,COMMERCIAL
lithuanian amber,210,HIGH,84,COMMERCIAL
lithuanian amber jewelry,210,HIGH,100,COMMERCIAL
silver and amber earrings,210,HIGH,100,COMMERCIAL
vintage amber jewelry,210,HIGH,96,COMMERCIAL
amber teething necklace benefits,210,HIGH,93,TEETHING(excl)
yellow amber necklace,210,HIGH,100,COMMERCIAL
amber and gold ring,210,HIGH,100,COMMERCIAL
green amber pendant,210,MEDIUM,58,COMMERCIAL
long amber necklace,210,HIGH,84,COMMERCIAL
amber stretch bracelet,210,HIGH,90,COMMERCIAL
amber teething bracelet benefits,210,HIGH,93,TEETHING(excl)
sterling silver amber necklace,210,HIGH,98,COMMERCIAL
amber silver pendant,210,HIGH,90,COMMERCIAL
african amber necklace,210,MEDIUM,53,COMMERCIAL
amber and gold bracelet,210,HIGH,70,COMMERCIAL
amber and silver pendant,210,HIGH,90,COMMERCIAL
amber and sterling silver necklace,210,HIGH,98,COMMERCIAL
amber and sterling silver pendant,210,HIGH,73,COMMERCIAL
amber bakelite necklace,210,HIGH,76,COMMERCIAL
amber colored gemstones,210,HIGH,99,COMMERCIAL
amber necklace teething benefits,210,HIGH,93,TEETHING(excl)
amber pendant sterling silver,210,HIGH,73,COMMERCIAL
amber rings in gold,210,HIGH,100,COMMERCIAL
amber sterling silver pendant,210,HIGH,73,COMMERCIAL
amber vintage necklace,210,HIGH,99,COMMERCIAL
baltic amber bangle,210,MEDIUM,65,COMMERCIAL
benefits amber teething necklace,210,HIGH,93,TEETHING(excl)
benefits of an amber teething necklace,210,HIGH,93,TEETHING(excl)
cherry amber jewellery,210,HIGH,69,COMMERCIAL
gold amber bracelet,210,HIGH,70,COMMERCIAL
gold and amber bracelet,210,HIGH,70,COMMERCIAL
green amber beads,210,MEDIUM,63,COMMERCIAL
rough amber necklace,210,MEDIUM,62,COMMERCIAL
sterling silver amber jewellery,210,MEDIUM,61,COMMERCIAL
sterling silver amber pendant,210,HIGH,73,COMMERCIAL
sterling silver and amber necklace,210,HIGH,98,COMMERCIAL
white amber bracelet,210,MEDIUM,63,COMMERCIAL
amber drop earrings,170,HIGH,100,COMMERCIAL
raw amber necklace,170,HIGH,100,COMMERCIAL
green amber earrings,170,HIGH,100,COMMERCIAL
green amber ring,170,HIGH,100,COMMERCIAL
amber hoop earrings,170,HIGH,100,COMMERCIAL
amber and gold necklace,170,HIGH,100,COMMERCIAL
real amber ring,170,HIGH,99,INFO
amber necklace gold,170,HIGH,100,COMMERCIAL
red amber necklace,170,HIGH,97,COMMERCIAL
amber ring with insect,170,HIGH,99,COMMERCIAL
amber topaz ring,170,HIGH,100,COMMERCIAL
amber earrings drop,170,HIGH,100,COMMERCIAL
amber flower necklace,170,HIGH,88,COMMERCIAL
amber mosquito ring,170,HIGH,99,COMMERCIAL
amber necklace ebay,170,HIGH,91,COMMERCIAL
amber ring etsy,170,HIGH,100,COMMERCIAL
amber ring with bug,170,HIGH,99,COMMERCIAL
amber sun ring,170,MEDIUM,42,COMMERCIAL
antique baltic amber necklace,170,HIGH,99,COMMERCIAL
art deco amber necklace,170,MEDIUM,58,COMMERCIAL
cherry bakelite necklace,170,HIGH,100,COMMERCIAL
cognac amber,170,HIGH,81,COMMERCIAL
contemporary amber jewellery,170,MEDIUM,52,COMMERCIAL
drop amber earrings,170,HIGH,100,COMMERCIAL
infant amber bracelet,170,HIGH,100,TEETHING(excl)
infant baltic amber teething necklace,170,HIGH,100,TEETHING(excl)
modern amber jewellery,170,MEDIUM,52,COMMERCIAL
rachel amber earring,170,MEDIUM,45,COMMERCIAL
small amber ring,170,MEDIUM,51,COMMERCIAL
teething neck,170,HIGH,100,TEETHING(excl)
victorian amber necklace,170,HIGH,73,COMMERCIAL
vintage baltic amber necklace,170,HIGH,99,COMMERCIAL
white amber pendant,170,LOW,31,COMMERCIAL
raw baltic amber necklace,140,HIGH,100,COMMERCIAL
baltic necklaces,140,HIGH,100,COMMERCIAL
real amber necklace,140,HIGH,100,INFO
amber bead bracelet,140,HIGH,100,COMMERCIAL
baltic amber necklace for adults,140,HIGH,100,COMMERCIAL
amber jewelry near me,140,HIGH,97,COMMERCIAL
hazelwood necklace,140,HIGH,100,TEETHING(excl)
raw baltic amber,140,HIGH,100,COMMERCIAL
amber crystal necklace,140,HIGH,91,COMMERCIAL
green amber necklace,140,HIGH,91,COMMERCIAL
amber heart necklace,140,HIGH,98,COMMERCIAL
canyon leaf necklace,140,HIGH,100,COMMERCIAL
amber diamond ring,140,HIGH,100,COMMERCIAL
amber and diamond ring,140,HIGH,100,COMMERCIAL
amber jewelry with insects,140,HIGH,100,COMMERCIAL
amber heart pendant,140,HIGH,100,COMMERCIAL
large amber necklace,140,HIGH,100,COMMERCIAL
blue amber ring,140,HIGH,100,COMMERCIAL
large amber earrings,140,HIGH,97,COMMERCIAL
amber locket,140,HIGH,92,COMMERCIAL
amber sun necklace,140,HIGH,100,COMMERCIAL
natural baltic amber necklace,140,HIGH,96,COMMERCIAL
amber band ring,140,HIGH,75,COMMERCIAL
amber crystal jewellery,140,HIGH,100,COMMERCIAL
amber diamond necklace,140,MEDIUM,66,COMMERCIAL
amber ebay,140,MEDIUM,55,COMMERCIAL
amber heart ring,140,MEDIUM,64,COMMERCIAL
amber jewelry with bugs,140,HIGH,100,COMMERCIAL
amber stores,140,LOW,9,COMMERCIAL
antique cherry amber necklace,140,HIGH,81,COMMERCIAL
baltic amber brooch,140,MEDIUM,43,COMMERCIAL
big amber necklace,140,HIGH,100,COMMERCIAL
celtic amber ring,140,MEDIUM,34,COMMERCIAL
dark amber beads,140,MEDIUM,39,COMMERCIAL
moroccan amber necklace,140,MEDIUM,49,COMMERCIAL
pressed amber necklace,140,HIGH,74,COMMERCIAL
solid amber ring,140,HIGH,90,COMMERCIAL
vintage amber bead necklace,140,HIGH,100,COMMERCIAL
vintage amber silver ring,140,HIGH,70,COMMERCIAL
vintage cherry amber necklace,140,HIGH,81,COMMERCIAL
yellow amber pendant,140,HIGH,69,COMMERCIAL
cherry amber ring,110,MEDIUM,65,COMMERCIAL
baltic teething necklace,110,HIGH,100,TEETHING(excl)
amber jewelry for sale,110,HIGH,98,COMMERCIAL
baltic amber teething,110,HIGH,100,TEETHING(excl)
baltic essentials teething necklace,110,HIGH,100,TEETHING(excl)
teething jewelry,110,HIGH,98,TEETHING(excl)
genuine amber jewelry,110,MEDIUM,40,COMMERCIAL
real amber bracelet,110,HIGH,100,INFO
ember necklace,110,HIGH,95,COMMERCIAL
real amber beads,110,HIGH,100,INFO
genuine amber bracelet,110,HIGH,100,COMMERCIAL
polish amber necklace,110,HIGH,100,INFO
larimar and amber jewelry,110,HIGH,100,COMMERCIAL
genuine amber beads,110,HIGH,100,COMMERCIAL
antique amber jewelry,110,HIGH,100,COMMERCIAL
green amber bracelet,110,HIGH,92,COMMERCIAL
yellow amber earrings,110,MEDIUM,59,COMMERCIAL
gold amber pendant,110,HIGH,100,COMMERCIAL
adult teething necklace,110,HIGH,87,TEETHING(excl)
amber charm,110,HIGH,82,COMMERCIAL
red amber earrings,110,HIGH,77,COMMERCIAL
amber gift,110,HIGH,100,COMMERCIAL
blue amber earrings,110,MEDIUM,47,COMMERCIAL
amber necklace with insect,110,HIGH,100,COMMERCIAL
amber and gold pendant,110,HIGH,100,COMMERCIAL
amber bracelet for women,110,HIGH,100,COMMERCIAL
amber chains,110,HIGH,68,COMMERCIAL
amber crystal pendant,110,HIGH,68,COMMERCIAL
amber heart earrings,110,HIGH,86,COMMERCIAL
amber sceats emery bracelet,110,MEDIUM,41,COMMERCIAL
amber sun pendant,110,HIGH,100,COMMERCIAL
baltic amber and teething,110,HIGH,100,TEETHING(excl)
butterscotch amber bracelet,110,HIGH,77,COMMERCIAL
carved amber beads,110,MEDIUM,46,COMMERCIAL
cherry amber bakelite,110,HIGH,98,COMMERCIAL
cherry amber bakelite necklace,110,HIGH,97,COMMERCIAL
cherry amber earrings,110,HIGH,81,COMMERCIAL
cherry amber pendant,110,MEDIUM,59,COMMERCIAL
chunky amber bracelet,110,HIGH,100,COMMERCIAL
crystals amber,110,LOW,26,COMMERCIAL
egg yolk amber beads,110,LOW,26,COMMERCIAL
gold and amber pendant,110,HIGH,100,COMMERCIAL
house amber necklace,110,LOW,0,COMMERCIAL
large amber pendant necklace,110,HIGH,100,COMMERCIAL
red amber ring,110,HIGH,82,COMMERCIAL
tibetan amber beads,110,LOW,22,COMMERCIAL
viking amber necklace,110,LOW,20,COMMERCIAL
white amber jewelry,110,HIGH,85,COMMERCIAL
white amber ring,110,HIGH,73,COMMERCIAL
zebra amber,110,LOW,21,COMMERCIAL
raw amber teething necklace,90,HIGH,100,TEETHING(excl)
best amber teething necklace,90,HIGH,100,TEETHING(excl)
amber beads for sale,90,HIGH,100,COMMERCIAL
baltic jewelry,90,HIGH,100,COMMERCIAL
amber rings for sale,90,HIGH,100,COMMERCIAL
amber stone bracelet,90,HIGH,100,COMMERCIAL
best teething necklace amber,90,HIGH,100,TEETHING(excl)
genuine amber necklace,90,HIGH,100,COMMERCIAL
genuine amber,90,HIGH,98,COMMERCIAL
amber bracelet benefits,90,HIGH,86,INFO
best amber beads for teething,90,HIGH,100,TEETHING(excl)
amber cross necklace,90,HIGH,94,COMMERCIAL
black amber necklace,90,HIGH,72,COMMERCIAL
amber jewellery set,90,HIGH,100,COMMERCIAL
raw amber bracelet,90,MEDIUM,65,COMMERCIAL
amber butterfly necklace,90,HIGH,91,COMMERCIAL
african amber beads,90,HIGH,85,COMMERCIAL
amber signet ring,90,HIGH,82,COMMERCIAL
real amber pendant,90,HIGH,100,INFO
mens amber pendant,90,HIGH,100,COMMERCIAL
amber gemstone bracelet,90,HIGH,100,COMMERCIAL
amber jade bracelet,90,MEDIUM,56,COMMERCIAL
amber nose ring,90,MEDIUM,59,COMMERCIAL
amber nose stud,90,MEDIUM,59,COMMERCIAL
amber sceats double coin necklace,90,HIGH,98,COMMERCIAL
amber teardrop pendant,90,HIGH,100,COMMERCIAL
antique amber bracelet,90,MEDIUM,49,COMMERCIAL
baltic amber gemstone,90,LOW,24,COMMERCIAL
baltic amber teething necklace near me,90,HIGH,100,TEETHING(excl)
benefits of amber bracelet,90,HIGH,86,INFO
black amber jewelry,90,HIGH,89,COMMERCIAL
butterscotch egg yolk amber,90,MEDIUM,50,COMMERCIAL
egg yolk amber necklace,90,HIGH,100,COMMERCIAL
faceted amber necklace,90,HIGH,97,COMMERCIAL
flower amber bracelet,90,HIGH,99,COMMERCIAL
how can you tell real amber from fake,90,LOW,8,INFO
how to tell if amber jewelry is real,90,LOW,1,INFO
how to tell real amber from fake,90,LOW,8,INFO
jurassic park amber ring,90,LOW,4,COMMERCIAL
opal amber,90,LOW,22,COMMERCIAL
polish amber ring,90,HIGH,100,INFO
red amber pendant,90,HIGH,78,COMMERCIAL
teardrop amber pendant,90,HIGH,100,COMMERCIAL
top rated amber teething necklace,90,HIGH,100,TEETHING(excl)
yellow amber jewellery,90,MEDIUM,53,COMMERCIAL
raw amber ring,70,MEDIUM,35,COMMERCIAL
authentic amber teething necklace,70,HIGH,100,TEETHING(excl)
baltic amber bracelet for adults,70,HIGH,100,COMMERCIAL
amber crystal bracelet,70,HIGH,100,COMMERCIAL
amber teething necklace near me,70,HIGH,95,TEETHING(excl)
amber bee earrings,70,HIGH,100,COMMERCIAL
authentic baltic amber teething necklace,70,HIGH,100,TEETHING(excl)
gold amber necklace,70,HIGH,73,COMMERCIAL
amber stone engagement ring,70,HIGH,100,COMMERCIAL
raw amber beads,70,HIGH,100,COMMERCIAL
baltic amber necklace benefits,70,HIGH,98,INFO
mens amber jewelry,70,HIGH,100,COMMERCIAL
amber choker necklace,70,HIGH,100,COMMERCIAL
amber sceats bracelet,70,HIGH,92,COMMERCIAL
amber teardrop earrings,70,HIGH,100,COMMERCIAL
silver and amber jewellery,70,MEDIUM,56,COMMERCIAL
amber gemstone ring,70,HIGH,100,COMMERCIAL
baltic amber bead necklace,70,HIGH,100,COMMERCIAL
real amber for sale,70,HIGH,92,INFO
pink amber teething necklace,70,HIGH,100,TEETHING(excl)
amber bangle bracelet,70,HIGH,100,COMMERCIAL
blue amber necklace,70,HIGH,100,COMMERCIAL
amber jewelry necklace,70,HIGH,86,COMMERCIAL
amber bee ring,70,HIGH,99,COMMERCIAL
amber gold bracelet,70,HIGH,69,COMMERCIAL
amber fossil jewelry,70,HIGH,90,COMMERCIAL
large amber bead necklace,70,HIGH,100,COMMERCIAL
amber baltic sea jewelry,70,HIGH,98,COMMERCIAL
amber beads and teething,70,HIGH,98,TEETHING(excl)
amber bee earring,70,HIGH,100,COMMERCIAL
amber crystal ring,70,MEDIUM,45,COMMERCIAL
amber dragonfly necklace,70,HIGH,100,COMMERCIAL
amber gem ring,70,HIGH,100,COMMERCIAL
amber jade jewelry,70,HIGH,100,COMMERCIAL
amber jewelry for pain relief,70,HIGH,99,COMMERCIAL
amber jewelry store,70,LOW,12,COMMERCIAL
amber pins,70,MEDIUM,42,COMMERCIAL
amber pyramid,70,LOW,20,COMMERCIAL
amber resin necklace,70,HIGH,100,COMMERCIAL
amber ring price,70,HIGH,69,INFO
amber sami jewellery,70,LOW,13,COMMERCIAL
amber silver jewellery,70,MEDIUM,56,COMMERCIAL
amber sky earrings,70,LOW,32,COMMERCIAL
antique amber bead necklace,70,HIGH,71,COMMERCIAL
antique butterscotch amber necklace,70,HIGH,95,COMMERCIAL
baltic amber beads benefits,70,HIGH,98,INFO
baltic sea amber jewelry,70,HIGH,98,COMMERCIAL
bee earring amber,70,HIGH,100,COMMERCIAL
bee earrings amber,70,HIGH,100,COMMERCIAL
big amber,70,LOW,1,COMMERCIAL
blue amber pendant,70,HIGH,100,COMMERCIAL
butterscotch amber jewelry,70,HIGH,100,COMMERCIAL
cherry red amber jewelry,70,HIGH,95,COMMERCIAL
dragonfly in amber necklace,70,HIGH,100,COMMERCIAL
faceted amber beads,70,HIGH,96,COMMERCIAL
faturan beads,70,HIGH,99,COMMERCIAL
heart shaped amber ring,70,MEDIUM,49,COMMERCIAL
how to test if amber is real,70,LOW,13,INFO
infant teething beads,70,HIGH,100,TEETHING(excl)
multicolor amber bracelet,70,HIGH,90,COMMERCIAL
oval amber pendant,70,MEDIUM,52,COMMERCIAL
raw amber pendant,70,HIGH,69,COMMERCIAL
raw unpolished amber,70,LOW,17,INFO
red amber bracelet,70,HIGH,81,COMMERCIAL
synthetic amber,70,MEDIUM,34,COMMERCIAL
vintage butterscotch amber necklace,70,HIGH,95,COMMERCIAL
real amber teething necklace,50,HIGH,100,TEETHING(excl)
amber necklaces for sale,50,HIGH,100,COMMERCIAL
amber bead teething necklace,50,HIGH,100,TEETHING(excl)
baltic amber teething bracelet,50,HIGH,100,TEETHING(excl)
amber sceats necklace,50,HIGH,100,COMMERCIAL
amber bee necklace,50,HIGH,100,COMMERCIAL
teething amber anklet,50,HIGH,99,TEETHING(excl)
real amber earrings,50,HIGH,100,INFO
amber stone earrings,50,HIGH,100,COMMERCIAL
genuine amber teething necklace,50,HIGH,100,TEETHING(excl)
rainbow amber necklace,50,HIGH,99,COMMERCIAL
women's amber jewelry,50,HIGH,100,COMMERCIAL
amazon teething necklace,50,HIGH,91,TEETHING(excl)
amber choker,50,HIGH,100,COMMERCIAL
amber necklaces for adults benefits,50,HIGH,91,INFO
amber acorn necklace,50,HIGH,67,COMMERCIAL
cognac amber necklace,50,HIGH,89,COMMERCIAL
unpolished amber necklace,50,HIGH,100,INFO
black amber bracelet,50,HIGH,100,COMMERCIAL
etsy amber jewelry,50,HIGH,97,COMMERCIAL
blue amber bracelet,50,HIGH,100,COMMERCIAL
teething necklace for autism,50,HIGH,100,TEETHING(excl)
real baltic amber,50,HIGH,100,INFO
large amber beads,50,HIGH,100,COMMERCIAL
amber studs,50,HIGH,84,COMMERCIAL
amber pendant with insect,50,HIGH,100,COMMERCIAL
beads for teething necklace amber,50,HIGH,100,TEETHING(excl)
honey amber necklace,50,HIGH,100,COMMERCIAL
etsy amber earrings,50,MEDIUM,57,COMMERCIAL
bee amber necklace,50,HIGH,100,COMMERCIAL
amber marshall jewelry,50,HIGH,89,COMMERCIAL
baltic amber healing properties,50,MEDIUM,35,COMMERCIAL
adult bracelets,50,HIGH,98,COMMERCIAL
polish amber earrings,50,HIGH,100,INFO
yellow amber bracelet,50,HIGH,91,COMMERCIAL
african teething beads,50,LOW,0,TEETHING(excl)
amber butterfly pendant,50,HIGH,99,COMMERCIAL
amber chain necklace,50,MEDIUM,58,COMMERCIAL
amber colored diamond,50,HIGH,100,COMMERCIAL
amber fossil necklace,50,HIGH,100,COMMERCIAL
amber fossil ring,50,HIGH,87,COMMERCIAL
amber gemstone earrings,50,HIGH,100,COMMERCIAL
amber inlay ring,50,HIGH,100,COMMERCIAL
amber marshall jewellery collection,50,LOW,12,COMMERCIAL
amber necklace benefits adults,50,HIGH,91,INFO
amber necklace price,50,HIGH,83,INFO
amber quality,50,LOW,21,COMMERCIAL
amber resin ring,50,HIGH,78,COMMERCIAL
ancient amber jewelry,50,HIGH,83,COMMERCIAL
baltic amber pendant necklace,50,HIGH,100,COMMERCIAL
blood amber bracelet,50,HIGH,100,COMMERCIAL
cherry amber bracelet,50,HIGH,72,COMMERCIAL
chiapas amber jewelry,50,HIGH,69,COMMERCIAL
fossil amber necklace,50,HIGH,100,COMMERCIAL
honey amber beads,50,HIGH,81,COMMERCIAL
how to tell if amber is real or fake,50,LOW,13,INFO
midwest amber necklace,50,HIGH,100,COMMERCIAL
mosquito in amber necklace,50,HIGH,93,COMMERCIAL
old amber necklace,50,MEDIUM,65,COMMERCIAL
rainbow teething necklace,50,HIGH,100,TEETHING(excl)
true amber teething necklace,50,HIGH,100,TEETHING(excl)
vintage amber beads,50,HIGH,100,COMMERCIAL
women baltic amber necklace,50,HIGH,100,COMMERCIAL
amber bracelet for adults,40,HIGH,100,COMMERCIAL
amber sceats earrings,40,HIGH,100,COMMERCIAL
raw baltic amber teething necklace,40,HIGH,100,TEETHING(excl)
canyon leaf teething necklace,40,HIGH,96,TEETHING(excl)
baltic bracelet,40,HIGH,100,COMMERCIAL
authentic amber necklace,40,HIGH,100,COMMERCIAL
amazon amber necklace,40,HIGH,100,COMMERCIAL
amber and gold jewelry,40,HIGH,100,COMMERCIAL
amber lollipop jewelry,40,HIGH,87,COMMERCIAL
teething necklace near me,40,HIGH,100,TEETHING(excl)
baltic proud amber necklace,40,HIGH,100,COMMERCIAL
amber necklace near me,40,HIGH,97,COMMERCIAL
amber teething ring,40,HIGH,100,TEETHING(excl)
jade teething necklace,40,HIGH,99,TEETHING(excl)
amber butterfly earrings,40,HIGH,75,COMMERCIAL
amber gold jewelry,40,HIGH,100,COMMERCIAL
amber healing necklace,40,HIGH,100,COMMERCIAL
baltic amber engagement ring,40,HIGH,100,COMMERCIAL
danish amber jewelry,40,HIGH,95,COMMERCIAL
polish amber bracelet,40,HIGH,100,INFO
amazon amber beads,40,HIGH,100,COMMERCIAL
amazon amber earrings,40,HIGH,85,COMMERCIAL
amber in gold jewellery,40,HIGH,100,COMMERCIAL
amber jewellery ebay,40,HIGH,90,COMMERCIAL
amber made of,40,LOW,0,COMMERCIAL
amber resin jewelry,40,HIGH,87,COMMERCIAL
amber stone healing properties,40,LOW,13,COMMERCIAL
amber world,40,LOW,0,COMMERCIAL
authentic baltic amber necklace,40,HIGH,100,COMMERCIAL
baltic amber teething necklace benefits,40,HIGH,100,TEETHING(excl)
black amber beads,40,HIGH,96,COMMERCIAL
dragonfly amber jewelry,40,LOW,17,COMMERCIAL
fake amber necklace,40,LOW,19,INFO
high quality amber jewelry,40,LOW,15,COMMERCIAL
honey amber bracelet,40,HIGH,75,COMMERCIAL
how to identify real amber,40,LOW,11,INFO
large amber,40,HIGH,100,COMMERCIAL
newborn amber anklet,40,HIGH,98,TEETHING(excl)
succinite amber,40,MEDIUM,64,COMMERCIAL
touchstone crystal chanelle necklace,40,HIGH,85,COMMERCIAL
viking amber jewelry,40,LOW,8,COMMERCIAL
yellow amber ring,40,HIGH,98,COMMERCIAL
amber ring meaning,30,LOW,4,INFO
amber anklet,30,HIGH,100,COMMERCIAL
best teething necklace,30,HIGH,95,TEETHING(excl)
baltic essentials necklace,30,HIGH,100,COMMERCIAL
amber sceats jewellery,30,HIGH,100,COMMERCIAL
piaget sunlight necklace,30,HIGH,100,COMMERCIAL
inspired by finn amber necklace,30,MEDIUM,55,COMMERCIAL
etsy amber necklace,30,HIGH,100,COMMERCIAL
amber jewelry wholesale,30,HIGH,89,COMMERCIAL
certified amber jewelry,30,HIGH,81,COMMERCIAL
canyon leaf amber necklace,30,HIGH,100,COMMERCIAL
genuine baltic amber,30,HIGH,97,COMMERCIAL
authentic amber jewelry,30,HIGH,92,COMMERCIAL
amber gold necklace,30,HIGH,95,COMMERCIAL
amber beads for jewelry making,30,HIGH,100,COMMERCIAL
raw baltic amber beads,30,HIGH,100,COMMERCIAL
amber ankle bracelet,30,HIGH,100,COMMERCIAL
drooling necklace,30,HIGH,100,COMMERCIAL
amber teardrop necklace,30,HIGH,97,COMMERCIAL
amber fine jewelry,30,HIGH,100,COMMERCIAL
genuine baltic amber jewelry,30,HIGH,94,COMMERCIAL
amber diamond engagement ring,30,HIGH,100,COMMERCIAL
amber cocktail ring,30,HIGH,100,COMMERCIAL
amber rose jewellery,30,HIGH,67,COMMERCIAL
fine amber jewelry,30,HIGH,100,COMMERCIAL
amazon amber jewellery,30,HIGH,92,COMMERCIAL
ambar ring,30,HIGH,100,COMMERCIAL
amber and diamond engagement rings,30,HIGH,100,COMMERCIAL
amber and turquoise jewelry,30,HIGH,100,COMMERCIAL
amber colored jewelry,30,HIGH,93,COMMERCIAL
amber for jewelry making,30,HIGH,83,COMMERCIAL
amber hoops,30,LOW,17,COMMERCIAL
amber jewelry for women,30,HIGH,100,COMMERCIAL
amber necklace with insect inside,30,HIGH,100,COMMERCIAL
amber resin beads,30,MEDIUM,61,COMMERCIAL
amber rose necklace,30,HIGH,86,COMMERCIAL
amber sceats coin necklace,30,HIGH,100,COMMERCIAL
amber sceats reese earrings,30,LOW,5,COMMERCIAL
amber scholl necklace,30,LOW,33,COMMERCIAL
amber secret,30,LOW,4,COMMERCIAL
amber teething necklace reddit,30,MEDIUM,45,TEETHING(excl)
amber vintage,30,LOW,4,COMMERCIAL
antique amber,30,HIGH,77,COMMERCIAL
antique baltic amber jewelry,30,HIGH,100,COMMERCIAL
baltic amber jewelry for sale,30,HIGH,100,COMMERCIAL
baltic amber pain relief,30,HIGH,93,COMMERCIAL
baltic amber sterling silver ring,30,HIGH,85,COMMERCIAL
black amber ring,30,MEDIUM,65,COMMERCIAL
etsy baltic amber,30,HIGH,99,COMMERCIAL
expensive amber,30,HIGH,90,COMMERCIAL
expensive amber necklace,30,HIGH,84,COMMERCIAL
hazelwood bracelets,30,HIGH,100,TEETHING(excl)
larimar and amber ring,30,HIGH,100,COMMERCIAL
loose amber beads,30,MEDIUM,36,COMMERCIAL
making amber jewelry,30,HIGH,83,COMMERCIAL
mens amber signet ring,30,MEDIUM,60,COMMERCIAL
natural baltic amber beads,30,HIGH,90,COMMERCIAL
price of amber jewelry,30,HIGH,100,INFO
rachel amber feather earring,30,LOW,15,COMMERCIAL
resin amber beads,30,MEDIUM,61,COMMERCIAL
teething necklace nearby,30,HIGH,100,TEETHING(excl)
vintage baltic amber jewelry,30,HIGH,100,COMMERCIAL
baltic beads,20,HIGH,100,COMMERCIAL
baltic amber beads wholesale,20,HIGH,100,COMMERCIAL
amber name necklace,20,HIGH,100,COMMERCIAL
baltic sea amber necklace,20,HIGH,92,COMMERCIAL
authentic baltic amber,20,HIGH,85,COMMERCIAL
amber stone teething necklace,20,HIGH,97,TEETHING(excl)
canyon amber necklace,20,HIGH,100,COMMERCIAL
baltic wonder amber necklace,20,HIGH,97,COMMERCIAL
teething stone necklace,20,HIGH,94,TEETHING(excl)
inspired by finn teething necklace,20,HIGH,98,TEETHING(excl)
real baltic amber necklace,20,HIGH,100,INFO
genuine baltic amber necklace,20,HIGH,100,COMMERCIAL
necklace that helps with teething,20,HIGH,100,TEETHING(excl)
amber bee pendant,20,HIGH,95,COMMERCIAL
women's amber bracelet,20,HIGH,100,COMMERCIAL
amber pendants for sale,20,HIGH,100,COMMERCIAL
amber heard earrings,20,LOW,0,COMMERCIAL
teething chain,20,HIGH,100,TEETHING(excl)
green amber engagement ring,20,HIGH,84,COMMERCIAL
most expensive amber necklace,20,MEDIUM,40,COMMERCIAL
amber chewing necklace,20,HIGH,100,COMMERCIAL
amber sceats pearl necklace,20,HIGH,85,COMMERCIAL
hazelaid necklace,20,HIGH,86,COMMERCIAL
amber butterfly ring,20,HIGH,95,COMMERCIAL
silver ring with amber stone,20,HIGH,80,COMMERCIAL
amber sceats pearl earrings,20,HIGH,94,COMMERCIAL
amber bead necklaces for adults,20,HIGH,100,COMMERCIAL
jtv amber jewelry,20,HIGH,86,COMMERCIAL
amber bee jewelry,20,HIGH,100,COMMERCIAL
hazelwood teething necklace,20,MEDIUM,47,TEETHING(excl)
baltic amber beads for sale,20,HIGH,100,COMMERCIAL
safe amber teething necklace,20,LOW,18,TEETHING(excl)
amber necklace for drooling,20,HIGH,100,COMMERCIAL
amazon amber rings,20,LOW,21,COMMERCIAL
amazon amber teething necklace,20,HIGH,100,TEETHING(excl)
amber america jewelry,20,HIGH,71,COMMERCIAL
amber beads benefits,20,MEDIUM,61,INFO
amber beads for drooling,20,HIGH,100,COMMERCIAL
amber beads with insects,20,HIGH,100,COMMERCIAL
amber dealer,20,LOW,0,COMMERCIAL
amber engagement ring meaning,20,MEDIUM,63,INFO
amber erin jewelry,20,MEDIUM,61,COMMERCIAL
amber for pain relief,20,MEDIUM,54,COMMERCIAL
amber forever amber jewelry,20,HIGH,94,COMMERCIAL
amber gold pendant,20,HIGH,100,COMMERCIAL
amber heard earring,20,LOW,0,COMMERCIAL
amber heard jewellery,20,LOW,25,COMMERCIAL
amber jewellery shop,20,LOW,6,COMMERCIAL
amber jewelry benefits,20,HIGH,93,INFO
amber mood ring,20,HIGH,89,COMMERCIAL
amber oval ring,20,HIGH,83,COMMERCIAL
amber pierre,20,LOW,16,COMMERCIAL
amber sceats letter necklace,20,LOW,0,COMMERCIAL
amber sceats pearl ring,20,HIGH,75,COMMERCIAL
amber scholl rings,20,LOW,0,COMMERCIAL
amber sterling ring,20,HIGH,97,COMMERCIAL
amber stone for teething,20,HIGH,100,TEETHING(excl)
amber stone pendant,20,HIGH,100,COMMERCIAL
amber teething necklace work,20,MEDIUM,39,TEETHING(excl)
amber turquoise,20,MEDIUM,48,COMMERCIAL
amber use,20,LOW,4,COMMERCIAL
antique amber pendant,20,HIGH,100,COMMERCIAL
authentic baltic amber beads,20,HIGH,100,COMMERCIAL
baltic amber metaphysical properties,20,LOW,10,COMMERCIAL
baltic egg yolk amber,20,HIGH,100,COMMERCIAL
baltic green amber ring,20,HIGH,83,COMMERCIAL
bee in amber jewelry,20,HIGH,100,COMMERCIAL
butterfly amber ring,20,HIGH,95,COMMERCIAL
etsy amber pendant,20,MEDIUM,33,COMMERCIAL
faux amber necklace,20,HIGH,100,COMMERCIAL
forever amber jewelry,20,HIGH,94,COMMERCIAL
genuine amber ring,20,HIGH,89,COMMERCIAL
genuine baltic amber beads,20,HIGH,100,COMMERCIAL
green baltic amber ring,20,HIGH,83,COMMERCIAL
handmade amber necklace,20,,,COMMERCIAL
hazelwood necklace eczema,20,HIGH,100,TEETHING(excl)
heated amber,20,LOW,1,COMMERCIAL
honey amber jewelry,20,MEDIUM,57,COMMERCIAL
honey baltic amber,20,HIGH,89,COMMERCIAL
how to tell if baltic amber is real,20,MEDIUM,47,INFO
how to tell if something is amber,20,LOW,12,INFO
how to tell if something is real amber,20,LOW,6,INFO
little bamber teething,20,HIGH,100,TEETHING(excl)
men's baltic amber bracelet,20,HIGH,100,COMMERCIAL
men's baltic amber necklace,20,HIGH,73,COMMERCIAL
mood ring amber,20,HIGH,89,COMMERCIAL
old amber beads,20,HIGH,67,COMMERCIAL
oval amber ring,20,HIGH,83,COMMERCIAL
rainbow amber,20,LOW,5,COMMERCIAL
real amber jewelry with insects,20,HIGH,100,INFO
real baltic amber beads,20,HIGH,100,INFO
rose gold amber ring,20,HIGH,89,COMMERCIAL
round amber beads,20,HIGH,69,COMMERCIAL
safe teething necklace,20,MEDIUM,36,TEETHING(excl)
sisi amber jewelry,20,HIGH,88,COMMERCIAL
sterling amber ring,20,HIGH,97,COMMERCIAL
the stone amber,20,LOW,32,COMMERCIAL
viking amber beads,20,MEDIUM,43,COMMERCIAL
vintage amber necklace for sale,20,HIGH,100,COMMERCIAL
cognac amber ring,10,,,COMMERCIAL
teething anklet,10,HIGH,100,TEETHING(excl)
baltic necklace for adhd,10,HIGH,100,COMMERCIAL
baltic amber necklace for adhd,10,HIGH,100,COMMERCIAL
amber necklace for adhd,10,HIGH,89,COMMERCIAL
canyon leaf amber,10,HIGH,100,COMMERCIAL
hazelaid baltic amber,10,,,COMMERCIAL
amber necklace for anxiety,10,HIGH,100,COMMERCIAL
lolly llama teething necklace,10,HIGH,93,TEETHING(excl)
go amber teething bracelet,10,,,TEETHING(excl)
best baltic amber teething necklace,10,HIGH,100,TEETHING(excl)
raw unpolished amber teething necklace,10,HIGH,100,TEETHING(excl)
baltic amber necklace for anxiety,10,HIGH,100,COMMERCIAL
baltic amber teething anklet,10,HIGH,100,TEETHING(excl)
baltic essentials amber teething necklace,10,MEDIUM,66,TEETHING(excl)
sell amber jewellery,10,MEDIUM,52,COMMERCIAL
real baltic amber teething necklace,10,HIGH,100,TEETHING(excl)
baltic amber essentials,10,HIGH,100,COMMERCIAL
healing necklaces for adults,10,LOW,0,COMMERCIAL
amber james jewellery,10,LOW,0,COMMERCIAL
baltic necklace for adults,10,HIGH,100,COMMERCIAL
amber beads wholesale,10,HIGH,92,COMMERCIAL
adhd baltic amber necklace,10,,,COMMERCIAL
baltic amber adhd necklace,10,HIGH,100,COMMERCIAL
baltic amber with blue lapis lazuli,10,,,COMMERCIAL
raw unpolished baltic amber teething necklace,10,HIGH,100,TEETHING(excl)
baltic amber for adhd,10,HIGH,100,COMMERCIAL
amber beads for adults,10,,,COMMERCIAL
certified amber teething necklace,10,HIGH,100,TEETHING(excl)
go amber bracelet,10,,,COMMERCIAL
necklace for teething amber,10,HIGH,100,TEETHING(excl)
raw amber teething bracelet,10,HIGH,100,TEETHING(excl)
amber jewellery catalogue,10,,,COMMERCIAL
pure amber teething necklace,10,HIGH,100,TEETHING(excl)
raw amber necklace for adults,10,HIGH,100,COMMERCIAL
canyon leaf baltic amber,10,HIGH,100,COMMERCIAL
genuine baltic amber teething necklace,10,MEDIUM,50,TEETHING(excl)
natural teething necklace,10,HIGH,100,TEETHING(excl)
mama natural amber necklace,10,HIGH,100,COMMERCIAL
best raw amber teething necklace,10,,,TEETHING(excl)
the best amber teething necklace,10,HIGH,100,TEETHING(excl)
baltic beads teething,10,HIGH,100,TEETHING(excl)
amber anklet for adults,10,HIGH,100,COMMERCIAL
amber and rose quartz teething necklace,10,HIGH,100,TEETHING(excl)
best amber bracelet for teething,10,HIGH,100,TEETHING(excl)
amber acorn earrings,10,HIGH,100,COMMERCIAL
teething anklet bracelet,10,,,TEETHING(excl)
ballistic teething necklace,10,MEDIUM,36,TEETHING(excl)
amber bead anklet,10,,,COMMERCIAL
hazelwood beads wholesale,10,,,TEETHING(excl)
amber teething necklace for mom,10,HIGH,100,TEETHING(excl)
baltic teething bracelet,10,HIGH,100,TEETHING(excl)
lolly llama amber teething necklace,10,HIGH,100,TEETHING(excl)
buy amber necklace,10,HIGH,100,COMMERCIAL
amber jewellery online,10,LOW,0,COMMERCIAL
amber love necklace,10,,,COMMERCIAL
raw unpolished amber necklace for adults,10,,,INFO
certified baltic amber teething necklace,10,HIGH,70,TEETHING(excl)
adjustable amber teething bracelet,10,HIGH,100,TEETHING(excl)
amber tree of life necklace,10,HIGH,100,COMMERCIAL
wholesale amber teething necklaces,10,HIGH,100,TEETHING(excl)
etsy amber bracelet,10,HIGH,100,COMMERCIAL
silver amber store,10,,,COMMERCIAL
amber house teething necklace,10,,,TEETHING(excl)
raw baltic amber bracelet,10,HIGH,100,COMMERCIAL
amber brooches for sale,10,HIGH,80,COMMERCIAL
go amber teething anklet,10,,,TEETHING(excl)
daily use necklace,10,HIGH,100,COMMERCIAL
genuine amber teething anklet,10,,,TEETHING(excl)
baltic stone necklaces,10,HIGH,100,COMMERCIAL
etsy amber teething necklace,10,HIGH,76,TEETHING(excl)
real amber teething bracelet,10,HIGH,100,TEETHING(excl)
love amber teething bracelet,10,,,TEETHING(excl)
amber cat necklace,10,HIGH,100,COMMERCIAL
baltic amber for anxiety,10,HIGH,100,COMMERCIAL
amber stud earrings gold,10,HIGH,100,COMMERCIAL
amber cat pendant,10,LOW,0,COMMERCIAL
baltic essentials necklace for adhd,10,,,COMMERCIAL
amber bead bracelet for teething,10,HIGH,100,TEETHING(excl)
baltic amber benefits for adults,10,HIGH,98,INFO
irish amber jewelry,10,,,COMMERCIAL
baltic wonder necklace,10,HIGH,100,COMMERCIAL
baltic sea necklace,10,HIGH,71,COMMERCIAL
amber tree necklace,10,HIGH,100,COMMERCIAL
amethyst teething necklace,10,HIGH,96,TEETHING(excl)
pop clasp amber necklace,10,HIGH,67,COMMERCIAL
amber and hazelwood necklace,10,HIGH,100,TEETHING(excl)
amber crystal earrings,10,HIGH,78,COMMERCIAL
raw amber teething anklet,10,HIGH,100,TEETHING(excl)
unpolished amber teething necklace,10,HIGH,100,TEETHING(excl)
baltic sea amber teething necklace,10,,,TEETHING(excl)
amber lewis jewelry,10,HIGH,100,COMMERCIAL
amber necklace and earring set,10,HIGH,91,COMMERCIAL
amber tree of life pendant,10,HIGH,100,COMMERCIAL
baltic amber for adults,10,HIGH,100,COMMERCIAL
14k gold amber earrings,10,HIGH,100,COMMERCIAL
organic amber teething necklace,10,,,TEETHING(excl)
amber healing bracelet,10,HIGH,100,COMMERCIAL
swarovski amber earrings,10,HIGH,100,COMMERCIAL
go amber teething,10,,,TEETHING(excl)
best teething bracelet,10,HIGH,100,TEETHING(excl)
buy amber jewellery,10,HIGH,100,COMMERCIAL
colic necklace,10,HIGH,100,TEETHING(excl)
billie bijoux necklace,10,HIGH,100,COMMERCIAL
crystal teething necklace,10,HIGH,100,TEETHING(excl)
baltic sea teething necklace,10,HIGH,100,TEETHING(excl)
amber calming necklace,10,HIGH,100,COMMERCIAL
amber and lapis lazuli necklace,10,HIGH,67,COMMERCIAL
powell's owls amber teething necklace,10,HIGH,95,TEETHING(excl)
pink teething necklace,10,HIGH,100,TEETHING(excl)
green amber earrings sterling silver,10,HIGH,100,COMMERCIAL
9ct gold amber earrings,10,,,COMMERCIAL
amber bracelet benefits for adults,10,HIGH,67,INFO
pure amber necklace,10,HIGH,100,COMMERCIAL
buy amber beads,10,HIGH,100,COMMERCIAL
unique amber jewelry,10,HIGH,100,COMMERCIAL
hazelwood necklace for adults,10,HIGH,100,TEETHING(excl)
best baltic amber necklace,10,HIGH,100,COMMERCIAL
momma goose amber necklace,10,HIGH,100,COMMERCIAL
baltic teething,10,HIGH,100,TEETHING(excl)
14k gold amber ring,10,HIGH,95,COMMERCIAL
baltic amber drop earrings,10,MEDIUM,60,COMMERCIAL
buy amber teething necklace,10,HIGH,100,TEETHING(excl)
amber drop earrings silver,10,HIGH,100,COMMERCIAL
the best teething necklace,10,HIGH,100,TEETHING(excl)
adjustable amber bracelet,10,LOW,0,COMMERCIAL
pure baltic amber teething necklace,10,,,TEETHING(excl)
go amber beads,10,,,COMMERCIAL
best amber teething bracelet,10,HIGH,100,TEETHING(excl)
ladies amber bracelet,10,,,COMMERCIAL
amber and amethyst necklace,10,HIGH,100,COMMERCIAL
baltic essentials amber necklace,10,HIGH,79,COMMERCIAL
amber drop earrings gold,10,MEDIUM,50,COMMERCIAL
9ct gold amber ring,10,MEDIUM,50,COMMERCIAL
best amber necklace,10,HIGH,100,COMMERCIAL
amber touch teething necklace,10,,,TEETHING(excl)
best nursing necklace,10,HIGH,100,COMMERCIAL
100 baltic amber teething necklace,10,HIGH,100,TEETHING(excl)
silver necklace with amber stone,10,,,COMMERCIAL
baltic amber bead bracelet,10,HIGH,87,COMMERCIAL
100 amber teething necklace,10,HIGH,100,TEETHING(excl)
11 inch amber teething necklace,10,HIGH,100,TEETHING(excl)
14k amber earrings,10,HIGH,100,COMMERCIAL
14k amber pendant,10,MEDIUM,50,COMMERCIAL
14k amber ring,10,HIGH,100,COMMERCIAL
333 amber scholl jewelry,10,LOW,0,COMMERCIAL
925 amber ring,10,HIGH,100,COMMERCIAL
925 silver amber ring,10,HIGH,100,COMMERCIAL
a teething necklace,10,HIGH,100,TEETHING(excl)
acid reflux necklace,10,HIGH,100,COMMERCIAL
adjustable amber anklet,10,,,COMMERCIAL
adjustable amber ring,10,LOW,0,COMMERCIAL
african amber jewelry,10,HIGH,100,COMMERCIAL
african teething necklace,10,LOW,15,TEETHING(excl)
all natural amber teething necklace,10,HIGH,100,TEETHING(excl)
all natural teething necklace,10,HIGH,100,TEETHING(excl)
amazon amber bracelet,10,MEDIUM,48,COMMERCIAL
amazon amber teething bracelet,10,HIGH,100,TEETHING(excl)
amazon baltic amber teething necklace,10,HIGH,100,TEETHING(excl)
amber acorn pendant,10,HIGH,100,COMMERCIAL
amber agate ring,10,HIGH,100,COMMERCIAL
amber and amethyst bracelet,10,HIGH,100,COMMERCIAL
amber and amethyst teething necklace,10,HIGH,100,TEETHING(excl)
amber and hazelwood teething necklace,10,HIGH,100,TEETHING(excl)
amber and ivy jewelry,10,,,COMMERCIAL
amber and jade jewelry,10,LOW,0,COMMERCIAL
amber and jade teething necklace,10,,,TEETHING(excl)
amber and jet jewelry,10,MEDIUM,57,COMMERCIAL
amber and jet witches necklace,10,HIGH,100,COMMERCIAL
amber and rose quartz necklace,10,,,COMMERCIAL
amber and turquoise bracelet,10,HIGH,100,COMMERCIAL
amber and turquoise earrings,10,HIGH,100,COMMERCIAL
amber and turquoise ring,10,HIGH,100,COMMERCIAL
amber and turquoise teething necklace,10,HIGH,100,TEETHING(excl)
amber bead jewelry,10,HIGH,100,COMMERCIAL
amber bead necklace benefits,10,LOW,7,INFO
amber beads anklet for teething,10,,,TEETHING(excl)
amber beads etsy,10,HIGH,100,COMMERCIAL
amber beads for adhd,10,HIGH,100,COMMERCIAL
amber beads for arthritis,10,LOW,0,COMMERCIAL
amber beads for colic,10,,,TEETHING(excl)
amber beads for pain relief,10,MEDIUM,50,COMMERCIAL
amber beads near me,10,HIGH,100,COMMERCIAL
amber beads price,10,HIGH,100,INFO
amber beads vintage,10,HIGH,100,COMMERCIAL
amber bee bracelet,10,HIGH,100,COMMERCIAL
amber big,10,LOW,0,COMMERCIAL
amber body jewelry,10,HIGH,89,COMMERCIAL
amber bracelet colic,10,,,TEETHING(excl)
amber bracelet ebay,10,,,COMMERCIAL
amber bracelet for anxiety,10,,,COMMERCIAL
amber bracelet for colic,10,,,TEETHING(excl)
amber bracelet for pain,10,,,COMMERCIAL
amber bracelet for sale,10,HIGH,100,COMMERCIAL
amber bracelet near me,10,HIGH,100,COMMERCIAL
amber bracelet price,10,HIGH,87,INFO
amber bracelet vintage,10,LOW,12,COMMERCIAL
amber bracelets wholesale,10,,,COMMERCIAL
amber bryce jewelry,10,HIGH,100,COMMERCIAL
amber buddha pendant,10,HIGH,100,COMMERCIAL
amber bumble bee earrings,10,,,COMMERCIAL
amber bumblebee ring,10,MEDIUM,50,COMMERCIAL
amber cabochon ring,10,HIGH,100,COMMERCIAL
amber cameo pendant,10,HIGH,73,COMMERCIAL
amber cameo ring,10,MEDIUM,57,COMMERCIAL
amber celtic ring,10,HIGH,100,COMMERCIAL
amber chain for teething,10,HIGH,67,TEETHING(excl)
amber chandelier earrings,10,HIGH,100,COMMERCIAL
amber charm bracelet,10,MEDIUM,50,COMMERCIAL
amber chip bracelet,10,HIGH,100,COMMERCIAL
amber claddagh ring,10,HIGH,100,COMMERCIAL
amber collar for teething,10,,,TEETHING(excl)
amber collar necklace,10,HIGH,100,COMMERCIAL
amber colored earrings,10,HIGH,100,COMMERCIAL
amber coloured necklace,10,,,COMMERCIAL
amber costume jewellery,10,MEDIUM,54,INFO
amber cross jewelry,10,,,COMMERCIAL
amber crown teething necklace,10,MEDIUM,48,TEETHING(excl)
amber cuff,10,HIGH,100,COMMERCIAL
amber design jewelry,10,MEDIUM,37,COMMERCIAL
amber diamond earrings,10,HIGH,100,COMMERCIAL
amber donut pendant,10,HIGH,100,COMMERCIAL
amber dragonfly earrings,10,HIGH,100,COMMERCIAL
amber dragonfly pendant,10,HIGH,100,COMMERCIAL
amber dreams jewelry,10,LOW,7,COMMERCIAL
amber drop necklace,10,HIGH,100,COMMERCIAL
amber drop pendant,10,HIGH,100,COMMERCIAL
amber e lea jewelry,10,LOW,0,COMMERCIAL
amber earrings ebay,10,HIGH,100,COMMERCIAL
amber earrings for sale,10,HIGH,100,COMMERCIAL
amber earrings set in gold,10,HIGH,100,COMMERCIAL
amber elephant necklace,10,HIGH,100,COMMERCIAL
amber elephant pendant,10,MEDIUM,37,COMMERCIAL
amber eternity ring,10,HIGH,100,COMMERCIAL
amber flower earrings,10,HIGH,100,COMMERCIAL
amber flower pendant,10,HIGH,100,COMMERCIAL
amber fossil pendant,10,HIGH,100,COMMERCIAL
amber friendship bracelet,10,HIGH,100,COMMERCIAL
amber gemstone shivling locket,10,,,COMMERCIAL
amber glass bead necklace,10,HIGH,100,COMMERCIAL
amber glass necklace,10,HIGH,86,COMMERCIAL
amber gold stud earrings,10,MEDIUM,57,COMMERCIAL
amber handmade jewelry,10,HIGH,100,COMMERCIAL
amber hazelwood necklace,10,HIGH,100,TEETHING(excl)
amber healing jewelry,10,HIGH,100,COMMERCIAL
amber healing properties for adults,10,MEDIUM,50,COMMERCIAL
amber heard bumble bee earrings,10,HIGH,100,COMMERCIAL
amber heard feather earrings,10,,,COMMERCIAL
amber heard necklaces,10,HIGH,71,COMMERCIAL
amber heard safety pin earrings,10,,,COMMERCIAL
amber heart jewelry,10,HIGH,89,COMMERCIAL
amber heart pendant necklace,10,HIGH,69,COMMERCIAL
amber heart shaped ring,10,HIGH,67,COMMERCIAL
amber helps with teething,10,MEDIUM,65,TEETHING(excl)
amber higgins jewelry,10,,,COMMERCIAL
amber honey bee earrings,10,,,COMMERCIAL
amber honey bee necklace,10,,,COMMERCIAL
amber how to tell if it real,10,LOW,14,INFO
amber in arabic necklace,10,LOW,0,COMMERCIAL
amber inclusion jewelry,10,HIGH,98,COMMERCIAL
amber jade necklace,10,HIGH,100,COMMERCIAL
amber james jewellery etsy,10,,,COMMERCIAL
amber jewellery earrings,10,HIGH,100,COMMERCIAL
amber jewellery for teething,10,,,TEETHING(excl)
amber jewellery limited,10,,,COMMERCIAL
amber jewellery ltd,10,,,COMMERCIAL
amber jewellery rings,10,HIGH,100,COMMERCIAL
amber jewellery sale,10,HIGH,100,COMMERCIAL
amber jewelry bracelets,10,HIGH,100,COMMERCIAL
amber jewelry set in gold,10,,,COMMERCIAL
amber jewelry usa,10,,,COMMERCIAL
amber jewelry vintage,10,HIGH,100,COMMERCIAL
amber jewelry with insect inclusions,10,,,COMMERCIAL
amber jones jewellery,10,LOW,0,COMMERCIAL
amber krs jewelry,10,,,COMMERCIAL
amber labret,10,,,COMMERCIAL
amber lane jewelry,10,,,COMMERCIAL
amber lea jewelry,10,HIGH,100,COMMERCIAL
amber leather necklace,10,HIGH,100,COMMERCIAL
amber lee jewelry,10,LOW,0,COMMERCIAL
amber leverback earrings,10,LOW,0,COMMERCIAL
amber locket necklace,10,HIGH,100,COMMERCIAL
amber love island necklace,10,LOW,0,COMMERCIAL
amber love teething necklace,10,,,TEETHING(excl)
amber mahler jewelry,10,,,COMMERCIAL
amber marshall necklace,10,LOW,0,COMMERCIAL
amber monkey,10,LOW,0,COMMERCIAL
amber monkey teething necklace,10,MEDIUM,57,TEETHING(excl)
amber moon jewelry,10,MEDIUM,43,COMMERCIAL
amber necklace afterpay,10,,,COMMERCIAL
amber necklace and bracelet,10,HIGH,100,COMMERCIAL
amber necklace and bracelet set,10,HIGH,100,COMMERCIAL
amber necklace and earrings,10,HIGH,100,COMMERCIAL
amber necklace clasp,10,HIGH,71,COMMERCIAL
amber necklace for allergies,10,MEDIUM,50,COMMERCIAL
amber necklace for arthritis,10,HIGH,100,COMMERCIAL
amber necklace for autism,10,,,COMMERCIAL
amber necklace for calming,10,HIGH,100,COMMERCIAL
amber necklace for colic,10,HIGH,86,TEETHING(excl)
amber necklace for eczema,10,HIGH,94,COMMERCIAL
amber necklace for headaches,10,HIGH,100,COMMERCIAL
amber necklace for inflammation,10,MEDIUM,50,COMMERCIAL
amber necklace for pain,10,HIGH,100,COMMERCIAL
amber necklace for reflux,10,HIGH,100,COMMERCIAL
amber necklace for thyroid,10,HIGH,77,COMMERCIAL
amber necklace healing properties,10,LOW,0,COMMERCIAL
amber necklace pain relief,10,MEDIUM,63,COMMERCIAL
amber necklace properties,10,MEDIUM,57,COMMERCIAL
amber necklace safe,10,HIGH,100,COMMERCIAL
amber necklace set,10,,,COMMERCIAL
amber necklace target,10,,,COMMERCIAL
amber necklace teething near me,10,,,TEETHING(excl)
amber necklace used,10,,,COMMERCIAL
amber necklace wholesale,10,MEDIUM,57,COMMERCIAL
amber ng jewelry,10,,,COMMERCIAL
amber nugget necklace,10,HIGH,100,COMMERCIAL
amber nursing necklace,10,HIGH,100,COMMERCIAL
amber owl necklace,10,HIGH,67,COMMERCIAL
amber owl pendant,10,LOW,0,COMMERCIAL
amber pendant gold necklace,10,HIGH,100,COMMERCIAL
amber pinky ring,10,,,COMMERCIAL
amber post earrings,10,HIGH,100,COMMERCIAL
amber resin teething necklace,10,HIGH,86,TEETHING(excl)
amber ring with insect inclusion,10,,,COMMERCIAL
amber rock necklace,10,HIGH,100,COMMERCIAL
amber rock teething necklace,10,HIGH,100,TEETHING(excl)
amber rosary bracelet,10,,,COMMERCIAL
amber rose bracelet,10,LOW,14,COMMERCIAL
amber rose earrings,10,HIGH,80,COMMERCIAL
amber rose pendant,10,HIGH,100,COMMERCIAL
amber rose ring,10,HIGH,92,COMMERCIAL
amber sceats carolina hoops,10,,,COMMERCIAL
amber sceats choker,10,HIGH,75,COMMERCIAL
amber sceats cuff,10,,,COMMERCIAL
amber sceats emery cuff,10,LOW,0,COMMERCIAL
amber sceats emery earrings,10,LOW,0,COMMERCIAL
amber sceats gold necklace,10,,,COMMERCIAL
amber sceats maisie necklace,10,,,COMMERCIAL
amber sceats ring,10,HIGH,93,COMMERCIAL
amber sceats ™ double coin necklace,10,MEDIUM,54,COMMERCIAL
amber scent jewellery,10,HIGH,100,COMMERCIAL
amber scholl 333 jewelry,10,LOW,0,COMMERCIAL
amber scholl jewelry 333,10,MEDIUM,57,COMMERCIAL
amber scholl jewelry collection,10,,,COMMERCIAL
amber scholl jewelry website,10,MEDIUM,45,COMMERCIAL
amber screw clasp,10,HIGH,100,COMMERCIAL
amber secrets jewellery,10,HIGH,100,COMMERCIAL
amber secrets necklace,10,,,COMMERCIAL
amber shopping,10,LOW,33,COMMERCIAL
amber silver cuff bracelet,10,HIGH,100,COMMERCIAL
amber skeets jewelry,10,HIGH,100,COMMERCIAL
amber sky jewelry,10,LOW,0,COMMERCIAL
amber statement ring,10,HIGH,93,COMMERCIAL
amber sterling bracelet,10,HIGH,68,COMMERCIAL
amber sterling pendant,10,HIGH,91,COMMERCIAL
amber stone bracelet benefits,10,HIGH,100,INFO
amber stone gold ring,10,HIGH,100,COMMERCIAL
amber stone health benefits,10,LOW,0,INFO
amber stone jewelry for sale,10,,,COMMERCIAL
amber stone pendant necklace,10,HIGH,100,COMMERCIAL
amber stone ring meaning,10,,,INFO
amber stone ring price,10,,,INFO
amber stone teething bracelet,10,HIGH,100,TEETHING(excl)
amber stone wedding ring,10,HIGH,100,COMMERCIAL
amber stones for jewelry making,10,,,COMMERCIAL
amber stud earrings silver,10,,,COMMERCIAL
amber sun earrings,10,HIGH,100,COMMERCIAL
amber sunflower necklace,10,,,COMMERCIAL
amber teeth bracelet,10,,,TEETHING(excl)
amber teething anklet bracelet,10,,,TEETHING(excl)
amber teething bands,10,,,TEETHING(excl)
amber teething bracelet amazon,10,HIGH,100,TEETHING(excl)
amber teething bracelet for 3 month old,10,,,TEETHING(excl)
amber teething bracelet near me,10,,,TEETHING(excl)
amber teething bracelet safety,10,,,TEETHING(excl)
amber teething necklace adults,10,,,TEETHING(excl)
amber teething necklace and bracelet,10,HIGH,100,TEETHING(excl)
amber teething necklace and bracelet set,10,,,TEETHING(excl)
amber teething necklace breakaway clasp,10,HIGH,100,TEETHING(excl)
amber teething necklace fda,10,LOW,0,TEETHING(excl)
amber teething necklace for drooling,10,HIGH,71,TEETHING(excl)
amber teething necklace in store,10,HIGH,100,TEETHING(excl)
amber teething necklace inspired by finn,10,LOW,29,TEETHING(excl)
amber teething necklace pop clasp,10,,,TEETHING(excl)
amber teething necklace stores near me,10,,,TEETHING(excl)
amber teething necklace target,10,HIGH,100,TEETHING(excl)
amber teething necklace walgreens,10,,,TEETHING(excl)
amber teething necklace with turquoise,10,HIGH,100,TEETHING(excl)
amber teething ring necklace,10,,,TEETHING(excl)
amber topaz earrings,10,HIGH,67,COMMERCIAL
amber topaz jewelry,10,HIGH,100,COMMERCIAL
amber topaz necklace,10,HIGH,71,COMMERCIAL
amber turtle pendant,10,MEDIUM,43,COMMERCIAL
amber us,10,LOW,0,COMMERCIAL
amber viking jewelry,10,,,COMMERCIAL
amber waves jewelry,10,MEDIUM,43,COMMERCIAL
amber white gold ring,10,,,COMMERCIAL
amber wood bracelet,10,HIGH,100,COMMERCIAL
amber wood necklace,10,HIGH,94,COMMERCIAL
amber wristband,10,HIGH,100,COMMERCIAL
amberage bracelet,10,,,COMMERCIAL
amberizon,10,,,COMMERCIAL
amberlynn engagement ring,10,,,COMMERCIAL
amberman jewelry,10,MEDIUM,63,COMMERCIAL
anchored amber,10,LOW,0,COMMERCIAL
anti colic bracelet,10,,,TEETHING(excl)
anti drool necklace,10,HIGH,67,COMMERCIAL
antique amber beads for sale,10,,,COMMERCIAL
antique red amber beads,10,,,COMMERCIAL
art of cure amber necklace,10,HIGH,75,COMMERCIAL
authentic amber beads,10,HIGH,100,COMMERCIAL
authentic amber bracelet,10,HIGH,100,COMMERCIAL
authentic baltic amber jewelry,10,HIGH,100,COMMERCIAL
authentic teething necklace,10,HIGH,100,TEETHING(excl)
balt teething necklace,10,MEDIUM,50,TEETHING(excl)
balt wonder amber teething necklace,10,HIGH,75,TEETHING(excl)
balt wonder teething necklace,10,MEDIUM,39,TEETHING(excl)
baltic amber and hazelwood necklace,10,,,TEETHING(excl)
baltic amber beads for adults,10,,,COMMERCIAL
baltic amber bracelet arthritis,10,,,COMMERCIAL
baltic amber bracelet benefits,10,MEDIUM,33,INFO
baltic amber bracelet for anxiety,10,,,COMMERCIAL
baltic amber choker,10,HIGH,100,COMMERCIAL
baltic amber cross,10,HIGH,100,COMMERCIAL
baltic amber cross pendant,10,HIGH,100,COMMERCIAL
baltic amber cuff bracelet,10,,,COMMERCIAL
baltic amber earrings gold,10,HIGH,100,COMMERCIAL
baltic amber earrings in sterling silver,10,LOW,11,COMMERCIAL
baltic amber earrings silver,10,HIGH,100,COMMERCIAL
baltic amber for colic,10,HIGH,100,TEETHING(excl)
baltic amber for eczema,10,LOW,0,COMMERCIAL
baltic amber for headaches,10,,,COMMERCIAL
baltic amber for men,10,HIGH,100,COMMERCIAL
baltic amber for pain,10,HIGH,81,COMMERCIAL
baltic amber healing necklace,10,HIGH,100,COMMERCIAL
baltic amber health benefits,10,MEDIUM,57,INFO
baltic amber heart pendant,10,HIGH,79,COMMERCIAL
baltic amber jewelry benefits,10,,,INFO
baltic amber jewelry company,10,,,COMMERCIAL
baltic amber jewelry for adults,10,MEDIUM,50,COMMERCIAL
baltic amber jewelry wholesale,10,MEDIUM,57,COMMERCIAL
baltic amber jewelry with insects,10,HIGH,100,COMMERCIAL
baltic amber lapis lazuli necklace,10,,,COMMERCIAL
baltic amber loose beads,10,HIGH,100,COMMERCIAL
baltic amber men's jewelry,10,HIGH,71,COMMERCIAL
baltic amber necklace adhd,10,,,COMMERCIAL
baltic amber necklace amazon,10,HIGH,100,COMMERCIAL
baltic amber necklace etsy,10,,,COMMERCIAL
baltic amber necklace for arthritis,10,HIGH,100,COMMERCIAL
baltic amber necklace for migraines,10,MEDIUM,43,COMMERCIAL
baltic amber necklace near me,10,HIGH,100,COMMERCIAL
baltic amber pendants for sale,10,HIGH,93,COMMERCIAL
baltic amber shop,10,MEDIUM,49,COMMERCIAL
baltic amber silver bracelet,10,HIGH,100,COMMERCIAL
baltic amber silver necklace,10,,,COMMERCIAL
baltic amber silver ring,10,HIGH,100,COMMERCIAL
baltic amber spiritual properties,10,MEDIUM,43,COMMERCIAL
baltic amber sterling silver bracelet,10,MEDIUM,57,COMMERCIAL
baltic amber sterling silver earrings,10,LOW,11,COMMERCIAL
baltic amber stone benefits,10,HIGH,67,INFO
baltic amber stone necklace,10,HIGH,67,COMMERCIAL
baltic amber store,10,MEDIUM,49,COMMERCIAL
baltic amber stretch bracelet,10,HIGH,100,COMMERCIAL
baltic amber stud earrings,10,HIGH,100,COMMERCIAL
baltic amber succinic acid,10,LOW,0,COMMERCIAL
baltic amber teething necklace etsy,10,MEDIUM,64,TEETHING(excl)
baltic amber teething necklace safety,10,,,TEETHING(excl)
baltic amber teething ring,10,HIGH,100,TEETHING(excl)
baltic amber thyroid,10,HIGH,100,COMMERCIAL
baltic design jewelry,10,,,COMMERCIAL
baltic essentials bracelet,10,HIGH,86,COMMERCIAL
baltic proud teething necklace,10,HIGH,100,TEETHING(excl)
baltic rings,10,LOW,0,COMMERCIAL
baltic sea amber beads,10,,,COMMERCIAL
baltic secret amber beads,10,,,COMMERCIAL
baltic teething necklace near me,10,HIGH,100,TEETHING(excl)
baltic wonder baltic amber necklace,10,MEDIUM,57,COMMERCIAL
baltic wonder teething necklace,10,HIGH,75,TEETHING(excl)
bee amber earrings,10,HIGH,100,COMMERCIAL
benefits of baltic amber necklaces for adults,10,,,INFO
benefits of raw amber,10,LOW,0,INFO
berber amber beads,10,MEDIUM,50,COMMERCIAL
bernstein amber,10,LOW,5,COMMERCIAL
besos jewelry by amber,10,LOW,14,COMMERCIAL
best amber for teething,10,HIGH,100,TEETHING(excl)
best amber jewelry,10,HIGH,100,COMMERCIAL
best amber teething anklet,10,HIGH,100,TEETHING(excl)
best color amber teething necklace,10,HIGH,100,TEETHING(excl)
best teething anklet,10,,,TEETHING(excl)
best teething beads,10,HIGH,100,TEETHING(excl)
black amber teething necklace,10,HIGH,100,TEETHING(excl)
black cherry amber jewelry,10,,,COMMERCIAL
black teething necklace,10,HIGH,72,TEETHING(excl)
blue amber jewelry for sale,10,HIGH,100,COMMERCIAL
blue amber stone benefits,10,MEDIUM,36,INFO
blue amber teething necklace,10,,,TEETHING(excl)
bracelet for teething pain,10,,,TEETHING(excl)
breakaway amber teething necklace,10,,,TEETHING(excl)
brown glass bead necklace,10,HIGH,83,COMMERCIAL
brown glass earrings,10,HIGH,100,COMMERCIAL
brown glass necklace,10,HIGH,100,COMMERCIAL
brown teething necklace,10,HIGH,91,TEETHING(excl)
bulk baltic amber beads,10,HIGH,100,COMMERCIAL
burdock root necklace for teething,10,HIGH,98,TEETHING(excl)
butter amber necklace,10,HIGH,100,COMMERCIAL
butterscotch amber bead necklace,10,HIGH,100,COMMERCIAL
butterscotch amber brooch,10,HIGH,67,COMMERCIAL
butterscotch bakelite beads,10,HIGH,90,COMMERCIAL
butterscotch earrings,10,HIGH,100,COMMERCIAL
butterscotch necklace,10,MEDIUM,50,COMMERCIAL
buy amber bracelet,10,,,COMMERCIAL
buy amber ring,10,HIGH,100,COMMERCIAL
buy teething necklace,10,,,TEETHING(excl)
canyon leaf amber teething necklace,10,HIGH,96,TEETHING(excl)
carved amber necklace,10,HIGH,70,COMMERCIAL
celtic amber earrings,10,HIGH,100,COMMERCIAL
celtic amber jewelry,10,HIGH,100,COMMERCIAL
celtic amber necklace,10,HIGH,100,COMMERCIAL
certified amber necklace,10,HIGH,100,COMMERCIAL
certified baltic amber necklace,10,,,COMMERCIAL
certified raw baltic amber teething necklace,10,HIGH,100,TEETHING(excl)
cheap amber jewellery,10,,,COMMERCIAL
cherry amber bakelite beads,10,LOW,0,COMMERCIAL
cherry amber bead necklace,10,HIGH,79,COMMERCIAL
cherry amber healing properties,10,,,COMMERCIAL
cherry bakelite beads,10,HIGH,100,COMMERCIAL
chiapas amber for sale,10,HIGH,100,COMMERCIAL
chiapas amber price,10,,,INFO
chunky amber bead necklace,10,HIGH,71,COMMERCIAL
chunky amber jewellery,10,,,COMMERCIAL
chunky amber ring,10,HIGH,100,COMMERCIAL
cognac amber beads,10,HIGH,100,COMMERCIAL
cognac amber benefits,10,LOW,0,INFO
cognac amber bracelet,10,HIGH,100,COMMERCIAL
cognac amber jewelry,10,,,COMMERCIAL
cognac amber pendant,10,HIGH,100,COMMERCIAL
cognac amber teething necklace,10,,,TEETHING(excl)
cognac necklace,10,HIGH,100,COMMERCIAL
colic bracelet,10,HIGH,80,TEETHING(excl)
copal amber necklace,10,HIGH,100,COMMERCIAL
copper teething collar,10,LOW,0,TEETHING(excl)
copper teething necklace,10,HIGH,92,TEETHING(excl)
custom amber jewelry,10,HIGH,100,COMMERCIAL
cute teething necklaces,10,HIGH,100,TEETHING(excl)
czech amber jewelry,10,HIGH,89,COMMERCIAL
dark amber earrings,10,MEDIUM,50,COMMERCIAL
dark amber teething necklace,10,,,TEETHING(excl)
david yurman amber ring,10,HIGH,100,COMMERCIAL
depp ring,10,,,COMMERCIAL
depp rings,10,,,COMMERCIAL
designer amber jewellery,10,HIGH,100,COMMERCIAL
dominican amber bracelet,10,HIGH,100,COMMERCIAL
dominican amber necklace,10,HIGH,94,COMMERCIAL
dominican amber pendant,10,HIGH,100,COMMERCIAL
dominican blue amber ring,10,HIGH,93,COMMERCIAL
dragonfly in amber pendant,10,HIGH,100,COMMERCIAL
drop amber,10,LOW,0,COMMERCIAL
drop of amber,10,LOW,0,COMMERCIAL
ebay amber rings,10,,,COMMERCIAL
ebay amber teething necklace,10,,,TEETHING(excl)
ebay baltic amber necklace,10,HIGH,100,COMMERCIAL
egg yolk amber earrings,10,HIGH,100,COMMERCIAL
egg yolk amber pendant,10,HIGH,100,COMMERCIAL
egg yolk amber ring,10,HIGH,100,COMMERCIAL
elle amber jewellery,10,,,COMMERCIAL
essential oil teething necklace,10,HIGH,100,TEETHING(excl)
etsy amber beads,10,LOW,0,COMMERCIAL
etsy baltic amber necklace,10,HIGH,100,COMMERCIAL
expensive amber jewelry,10,HIGH,83,COMMERCIAL
fabfitfun coin necklace,10,HIGH,100,COMMERCIAL
faceted amber bead necklace,10,HIGH,100,COMMERCIAL
faceted cherry amber necklace,10,HIGH,100,COMMERCIAL
fake amber jewelry,10,,,INFO
fda amber teething necklace,10,,,TEETHING(excl)
finn amber necklace,10,HIGH,71,COMMERCIAL
gemstone teething necklace,10,HIGH,100,TEETHING(excl)
genuine amber anklet,10,,,COMMERCIAL
genuine amber bead necklace,10,HIGH,100,COMMERCIAL
genuine amber beads for sale,10,HIGH,100,COMMERCIAL
genuine amber earrings,10,HIGH,100,COMMERCIAL
genuine amber pendant,10,HIGH,100,COMMERCIAL
genuine amber teething bracelet,10,HIGH,100,TEETHING(excl)
genuine baltic amber bracelet,10,,,COMMERCIAL
gia amber,10,LOW,0,COMMERCIAL
gold teething necklace,10,LOW,0,TEETHING(excl)
graduated amber bead necklace,10,HIGH,100,COMMERCIAL
graduated amber necklace,10,HIGH,100,COMMERCIAL
green amber bangle,10,HIGH,100,COMMERCIAL
green amber brooch,10,,,COMMERCIAL
green amber drop earrings,10,,,COMMERCIAL
green amber pendant silver,10,LOW,0,COMMERCIAL
green amber rings in silver,10,HIGH,100,COMMERCIAL
green amber silver ring,10,HIGH,100,COMMERCIAL
green amber stud earrings,10,HIGH,100,COMMERCIAL
green amber teething necklace,10,HIGH,100,TEETHING(excl)
green baltic amber jewelry,10,MEDIUM,50,COMMERCIAL
green baltic amber necklace,10,MEDIUM,50,COMMERCIAL
green baltic amber pendant,10,HIGH,93,COMMERCIAL
handmade amber earrings,10,HIGH,100,COMMERCIAL
handmade amber jewellery,10,HIGH,81,COMMERCIAL
hazelaid amber,10,,,COMMERCIAL
hazelaid amber necklace,10,HIGH,100,COMMERCIAL
hazelaid amber teething necklace,10,MEDIUM,43,TEETHING(excl)
hazelaid super butter,10,,,COMMERCIAL
hazelaid teething necklace,10,HIGH,89,TEETHING(excl)
hazelwood bracelets for adults,10,HIGH,100,TEETHING(excl)
hazelwood necklace for reflux,10,HIGH,100,TEETHING(excl)
healing amber bracelets for adults,10,HIGH,100,COMMERCIAL
healing amber necklace for adults,10,,,COMMERCIAL
healing amber teething necklace,10,,,TEETHING(excl)
healing baltic amber jewelry,10,HIGH,100,COMMERCIAL
healing hazel teething necklace,10,LOW,19,TEETHING(excl)
health benefits of amber necklace,10,LOW,10,INFO
holistic teething necklace,10,HIGH,71,TEETHING(excl)
homeopathic teething necklace,10,HIGH,100,TEETHING(excl)
honey amber earrings,10,HIGH,67,COMMERCIAL
honey amber pendant,10,MEDIUM,57,COMMERCIAL
honey amber ring,10,HIGH,100,COMMERCIAL
honey amber teething necklace,10,,,TEETHING(excl)
how can you tell if amber beads are real,10,LOW,18,INFO
how can you tell if amber is genuine,10,LOW,32,INFO
how can you tell if amber is real or plastic,10,LOW,29,INFO
how can you tell if its real amber,10,LOW,4,INFO
how to identify real amber beads,10,LOW,0,INFO
how to tell if amber beads are real,10,LOW,18,INFO
how to tell if amber is fake,10,LOW,14,INFO
how to tell if amber is real or not,10,,,INFO
how to tell if amber is real or plastic,10,LOW,11,INFO
how to tell if amber necklace is real,10,LOW,6,INFO
how to tell if amber teething necklace is real,10,,,TEETHING(excl)
how to tell if an amber necklace is real,10,LOW,6,INFO
how to tell if baltic amber necklace is real,10,,,INFO
how to tell if butterscotch amber is real,10,LOW,5,INFO
how to tell if it's real amber,10,LOW,11,INFO
how to tell if its real amber,10,LOW,18,INFO
how to tell real amber necklace,10,LOW,14,INFO
inspired by finn baltic amber necklace,10,HIGH,100,COMMERCIAL
ir teething necklace,10,,,TEETHING(excl)
jewellery by amber,10,,,COMMERCIAL
jewelry by amber,10,,,COMMERCIAL
johnny depp cross ring,10,MEDIUM,34,COMMERCIAL
johnny depp ring collection,10,HIGH,77,COMMERCIAL
johnny depp rings 2022,10,,,COMMERCIAL
johnny depp truth ring,10,LOW,29,COMMERCIAL
johnny depp with rings,10,LOW,2,COMMERCIAL
johnny depp wristband,10,LOW,5,COMMERCIAL
johnny depp's truth ring,10,,,COMMERCIAL
jtv amber rings,10,HIGH,100,COMMERCIAL
jurassic world amber ring,10,LOW,0,COMMERCIAL
kahraman amber,10,HIGH,100,COMMERCIAL
kidsafe amber necklace,10,,,COMMERCIAL
kohls amber jewelry,10,,,COMMERCIAL
kohls amber necklace,10,LOW,14,COMMERCIAL
ladies amber ring,10,HIGH,100,COMMERCIAL
lalique amber heart pendant,10,,,COMMERCIAL
large amber beads for sale,10,HIGH,100,COMMERCIAL
large amber bracelet,10,HIGH,100,COMMERCIAL
large amber brooch,10,HIGH,100,COMMERCIAL
large amber drop earrings,10,,,COMMERCIAL
large amber jewelry,10,HIGH,100,COMMERCIAL
large amber pendants silver,10,,,COMMERCIAL
large amber silver ring,10,,,COMMERCIAL
large baltic amber beads,10,HIGH,100,COMMERCIAL
large baltic amber necklace,10,HIGH,100,COMMERCIAL
large baltic amber pendant,10,HIGH,100,COMMERCIAL
large beaded amber bracelet,10,HIGH,100,COMMERCIAL
large green amber pendant,10,HIGH,100,COMMERCIAL
lemon amber necklace,10,HIGH,100,COMMERCIAL
lemon baltic amber,10,HIGH,100,COMMERCIAL
lemon vines amber necklace,10,HIGH,100,COMMERCIAL
life is strange rachel earring,10,LOW,22,COMMERCIAL
little smiles amber necklace,10,HIGH,100,COMMERCIAL
lolly llama necklace,10,,,COMMERCIAL
long amber bead necklace,10,HIGH,100,COMMERCIAL
long amber earrings,10,,,COMMERCIAL
loose amber beads for sale,10,,,COMMERCIAL
love amber bracelet,10,,,COMMERCIAL
love amber necklace,10,HIGH,100,COMMERCIAL
love amber teething,10,,,TEETHING(excl)
magnetic teething necklace,10,,,TEETHING(excl)
mama goose amber necklace,10,HIGH,100,COMMERCIAL
mama natural amber teething necklace,10,HIGH,100,TEETHING(excl)
mama natural teething necklace,10,HIGH,100,TEETHING(excl)
mens amber ring with insect,10,HIGH,100,COMMERCIAL
mens amber wedding band,10,HIGH,100,COMMERCIAL
mens silver amber ring,10,,,COMMERCIAL
meraki amber necklace,10,,,COMMERCIAL
midwest amber sterling silver earrings,10,HIGH,100,COMMERCIAL
milk amber necklace,10,HIGH,100,COMMERCIAL
modern amber,10,MEDIUM,40,COMMERCIAL
momma goose amber,10,HIGH,100,COMMERCIAL
momma goose baltic amber,10,HIGH,100,COMMERCIAL
momma goose teething necklace,10,LOW,0,TEETHING(excl)
mosquito amber necklace,10,HIGH,100,COMMERCIAL
mosquito amber ring,10,HIGH,100,COMMERCIAL
mother goose amber necklace,10,,,COMMERCIAL
mother goose baltic amber necklace,10,,,COMMERCIAL
mother goose teething necklace,10,HIGH,75,TEETHING(excl)
multi strand amber necklace,10,HIGH,91,COMMERCIAL
multicolor amber earrings,10,LOW,29,COMMERCIAL
multicolor amber necklace,10,HIGH,100,COMMERCIAL
native american amber jewelry,10,HIGH,90,COMMERCIAL
natural baltic amber bracelet,10,HIGH,100,COMMERCIAL
natural baltic amber pendant,10,LOW,29,COMMERCIAL
natural teething beads,10,HIGH,100,TEETHING(excl)
necklace for teething pain,10,HIGH,100,TEETHING(excl)
newborn amber bracelet,10,HIGH,100,TEETHING(excl)
old amber jewelry,10,HIGH,100,COMMERCIAL
ombre amber necklace,10,HIGH,100,COMMERCIAL
orange amber necklace,10,HIGH,88,COMMERCIAL
orange teething necklace,10,HIGH,100,TEETHING(excl)
original amber,10,LOW,0,COMMERCIAL
owl amber teething necklace,10,,,TEETHING(excl)
pandora amber ring,10,HIGH,100,COMMERCIAL
pearl teething necklace,10,HIGH,100,TEETHING(excl)
pink amber necklace,10,HIGH,100,COMMERCIAL
pink amber teething bracelet,10,,,TEETHING(excl)
pink baltic amber teething necklace,10,,,TEETHING(excl)
plastic amber beads,10,HIGH,100,COMMERCIAL
polish amber pendant,10,HIGH,77,INFO
polishing amber by hand,10,LOW,0,INFO
powell owl teething necklace,10,,,TEETHING(excl)
princess amber bracelet,10,,,COMMERCIAL
pure amber beads,10,HIGH,100,COMMERCIAL
pure baltic amber,10,HIGH,100,COMMERCIAL
purple amber teething necklace,10,,,TEETHING(excl)
rainbow amber teething necklace,10,HIGH,100,TEETHING(excl)
rainbow baltic amber necklace,10,HIGH,100,COMMERCIAL
raw amber anklet,10,HIGH,100,COMMERCIAL
raw amber bead necklace,10,MEDIUM,50,COMMERCIAL
raw amber beads wholesale,10,,,COMMERCIAL
raw amber benefits,10,LOW,0,INFO
raw amber earrings,10,HIGH,100,COMMERCIAL
raw amber for teething,10,HIGH,83,TEETHING(excl)
raw amber healing properties,10,,,COMMERCIAL
raw amber necklace benefits,10,LOW,14,INFO
raw amber teething necklace benefits,10,HIGH,100,TEETHING(excl)
raw baltic amber beads wholesale,10,,,COMMERCIAL
raw baltic amber benefits,10,HIGH,93,INFO
raw baltic amber for sale,10,HIGH,100,COMMERCIAL
raw baltic amber jewelry,10,LOW,0,COMMERCIAL
raw baltic amber necklace for adults,10,,,COMMERCIAL
raw cognac amber,10,,,COMMERCIAL
raw honey amber,10,HIGH,100,COMMERCIAL
raw honey amber teething necklace,10,,,TEETHING(excl)
raw teething necklace,10,,,TEETHING(excl)
raw unpolished amber necklace,10,HIGH,100,INFO
raw unpolished baltic amber beads,10,HIGH,100,INFO
raw unpolished baltic amber necklace,10,HIGH,100,INFO
real amber bead necklace,10,HIGH,96,INFO
real amber beads for sale,10,HIGH,100,INFO
real amber stone jewelry,10,HIGH,100,INFO
real amber teething anklet,10,,,TEETHING(excl)
real raw amber teething necklace,10,,,TEETHING(excl)
real teething necklace,10,HIGH,100,TEETHING(excl)
recharging amber necklace,10,HIGH,100,COMMERCIAL
recharging your amber necklace,10,,,COMMERCIAL
red amber bead necklace,10,HIGH,100,COMMERCIAL
red amber stone benefits,10,LOW,0,INFO
red teething necklace,10,,,TEETHING(excl)
ring johnny depp,10,,,COMMERCIAL
rings like johnny depp,10,,,COMMERCIAL
rings of johnny depp,10,,,COMMERCIAL
rose quartz and amber teething necklace,10,HIGH,100,TEETHING(excl)
rose quartz teething necklace,10,HIGH,100,TEETHING(excl)
rough amber beads,10,HIGH,100,COMMERCIAL
russian amber pendant,10,HIGH,100,COMMERCIAL
russian amber ring,10,HIGH,80,COMMERCIAL
s&a amber jewellery,10,,,COMMERCIAL
sarah coventry amber necklace,10,HIGH,88,COMMERCIAL
sell amber jewelry,10,MEDIUM,52,COMMERCIAL
sharon amber,10,LOW,0,COMMERCIAL
sharon amber jewelry,10,MEDIUM,57,COMMERCIAL
silpada amber earrings,10,MEDIUM,50,COMMERCIAL
silpada amber pendant,10,HIGH,100,COMMERCIAL
silpada amber ring,10,HIGH,100,COMMERCIAL
silver amber bangle,10,HIGH,100,COMMERCIAL
silver amber brooch,10,LOW,0,COMMERCIAL
silver amber stud earrings,10,,,COMMERCIAL
silver and amber bangle,10,HIGH,100,COMMERCIAL
silver and amber brooch,10,HIGH,71,COMMERCIAL
silver baltic amber jewellery,10,,,COMMERCIAL
silver green amber ring,10,HIGH,100,COMMERCIAL
silver teething necklace,10,HIGH,96,TEETHING(excl)
sisi amber necklace,10,LOW,22,COMMERCIAL
small amber beads,10,LOW,0,COMMERCIAL
small amber necklace,10,HIGH,100,COMMERCIAL
small amber pendant,10,HIGH,100,COMMERCIAL
soothing teething necklace,10,HIGH,100,TEETHING(excl)
square amber earrings,10,LOW,0,COMMERCIAL
statement amber necklace,10,LOW,0,COMMERCIAL
stauer amber necklace,10,HIGH,100,COMMERCIAL
sterling amber bracelet,10,HIGH,68,COMMERCIAL
sterling amber earrings,10,HIGH,100,COMMERCIAL
sterling amber necklace,10,HIGH,100,COMMERCIAL
sterling amber pendant,10,HIGH,91,COMMERCIAL
sterling silver amber brooch,10,LOW,0,COMMERCIAL
sterling silver amber drop earrings,10,MEDIUM,64,COMMERCIAL
sterling silver ring with amber stone,10,HIGH,96,COMMERCIAL
sterling silver teething necklace,10,HIGH,100,TEETHING(excl)
succinic acid amber benefits,10,LOW,0,INFO
succinic acid baltic amber,10,HIGH,100,COMMERCIAL
swarovski amber necklace,10,HIGH,100,COMMERCIAL
target amber necklace,10,,,COMMERCIAL
target amber teething necklace,10,HIGH,100,TEETHING(excl)
teething and colic bracelets,10,,,TEETHING(excl)
teething bead bracelet,10,HIGH,100,TEETHING(excl)
teething beads anklet,10,,,TEETHING(excl)
teething beads safe,10,,,TEETHING(excl)
teething bracelet amazon,10,HIGH,93,TEETHING(excl)
teething collar,10,MEDIUM,50,TEETHING(excl)
teething necklace and bracelet,10,HIGH,100,TEETHING(excl)
teething necklace in stores,10,,,TEETHING(excl)
teething necklace silver,10,HIGH,96,TEETHING(excl)
teething necklace wholesale,10,,,TEETHING(excl)
teething relief necklace,10,HIGH,100,TEETHING(excl)
teething stone amber,10,HIGH,100,TEETHING(excl)
the amber beads,10,LOW,0,COMMERCIAL
the amber bracelet,10,HIGH,100,COMMERCIAL
the amber necklace,10,HIGH,75,COMMERCIAL
the art of cure amber teething necklace,10,HIGH,100,TEETHING(excl)
the art of cure teething necklace,10,HIGH,100,TEETHING(excl)
the art of the cure baltic amber,10,,,COMMERCIAL
tree of life amber necklace,10,HIGH,100,COMMERCIAL
trollbeads amber beads,10,HIGH,100,COMMERCIAL
true baltic amber teething necklace,10,HIGH,100,TEETHING(excl)
turquoise teething necklace,10,HIGH,100,TEETHING(excl)
unpolished amber beads,10,HIGH,100,INFO
unpolished baltic amber,10,HIGH,67,INFO
unpolished baltic amber teething necklace,10,HIGH,100,TEETHING(excl)
unusual amber jewellery,10,,,COMMERCIAL
valerio amber jewelry,10,HIGH,75,COMMERCIAL
vessel amber jewelry,10,HIGH,89,COMMERCIAL
victorian amber beads,10,,,COMMERCIAL
victorian amber jewelry,10,HIGH,100,COMMERCIAL
vintage amber and silver necklace,10,LOW,0,COMMERCIAL
vintage amber clip on earrings,10,HIGH,100,COMMERCIAL
vintage amber drop earrings,10,MEDIUM,36,COMMERCIAL
vintage amber glass bead necklace,10,HIGH,80,COMMERCIAL
vintage baltic amber bracelet,10,HIGH,83,COMMERCIAL
vintage baltic amber ring,10,HIGH,100,COMMERCIAL
vintage cherry amber bakelite necklace,10,HIGH,82,COMMERCIAL
vintage red amber necklace,10,MEDIUM,50,COMMERCIAL
vintage russian amber necklace,10,,,COMMERCIAL
white amber earrings,10,HIGH,83,COMMERCIAL
white gold amber earrings,10,,,COMMERCIAL
white gold amber ring,10,,,COMMERCIAL
wholesale baltic amber necklaces,10,LOW,0,COMMERCIAL
wholesale silicone teething beads,10,,,TEETHING(excl)
yellow amber stone benefits,10,,,INFO
yellow amber teething necklace,10,HIGH,100,TEETHING(excl)
yellow teething necklace,10,HIGH,100,TEETHING(excl)
yellow to amber,10,LOW,0,COMMERCIAL
baltic amber lapis lazuli adhd,0,,,COMMERCIAL
adjustable amber teething anklet,0,,,TEETHING(excl)
certified baltic amber with blue lapis lazuli,0,,,COMMERCIAL
amber bliss teething necklace,0,,,TEETHING(excl)
amber bracelet for reflux,0,,,COMMERCIAL
9ct gold amber pendant,0,,,COMMERCIAL
a ring that breaks with negative energy,0,,,COMMERCIAL
adjustable teething anklet,0,,,TEETHING(excl)
amber beads for newborns,0,,,TEETHING(excl)
amber bliss necklaces,0,,,COMMERCIAL
amber dress ring,0,,,COMMERCIAL
amber glow teething necklace,0,,,TEETHING(excl)
amber healing bracelet made of large baroque honey baltic amber,0,,,COMMERCIAL
amber heard johnny depp earrings,0,,,COMMERCIAL
amber heards earrings,0,,,COMMERCIAL
amber necklace for back pain,0,,,COMMERCIAL
amber sceats carolina earrings,0,,,COMMERCIAL
amber sceats davina ring,0,,,COMMERCIAL
amber sceats tilly necklace,0,,,COMMERCIAL
amber smykker,0,,,COMMERCIAL
amber teething bracelet where to buy,0,,,TEETHING(excl)
amber teething necklace afterpay,0,,,TEETHING(excl)
amber teething necklace gold coast,0,,,TEETHING(excl)
amber tree jewellery,0,,,COMMERCIAL
baa baa amber beads,0,,,COMMERCIAL
baltic amber teething necklace fda warning,0,,,TEETHING(excl)
baltic and retaining necklace,0,,,COMMERCIAL
baltic retaining necklace,0,,,COMMERCIAL
colic amber beads,0,,,TEETHING(excl)
colic amber bracelet,0,,,TEETHING(excl)
depp's rings,0,,,COMMERCIAL
elastic amber teething bracelet,0,,,TEETHING(excl)
fungsi amber necklace,0,,,COMMERCIAL
gold amber ring with fossil insect,0,,,COMMERCIAL
jewellery made from amazing baltic amber to precio,0,,,COMMERCIAL
jewellery made from amazing baltic amber to precious stones,0,,,COMMERCIAL
johnnydepp rings,0,,,COMMERCIAL
love amber beads,0,,,COMMERCIAL
love amber teething anklet,0,,,TEETHING(excl)
manfaat amber necklace,0,,,COMMERCIAL
natural mama amber necklace,0,,,COMMERCIAL
raquel pennington jewelry designer,0,,,COMMERCIAL
raw unpolished amber teething anklet,0,,,TEETHING(excl)
truth ring johnny depp,0,,,COMMERCIAL
